Sequence_Set,Group,Count,Sequence_Replicate,Sequence,UVDDB_NUVr1
B,TC,0,1,ACGCACATGTGTACACATGTGCGTA,533
B,TC,0,2,ACGCACATGTGTACACATGTGCGTA,1111
B,TC,0,3,ACGCACATGTGTACACATGTGCGTA,546
B,TC,0,4,ACGCACATGTGTACACATGTGCGTA,580
B,TC,0,5,ACGCACATGTGTACACATGTGCGTA,782
B,TC,0,6,ACGCACATGTGTACACATGTGCGTA,1073
B,TC,0,7,ACGCACATGTGTACACATGTGCGTA,566
B,TC,0,8,ACGCACATGTGTACACATGTGCGTA,537
B,TC,0,9,ACGCACATGTGTACACATGTGCGTA,447
B,TC,0,10,ACGCACATGTGTACACATGTGCGTA,576
B,TC,1,1,ACGCACATGTGTACACATCGTGCGC,521
B,TC,1,2,ACGCACATGTGTACACATCGTGCGC,789
B,TC,1,3,ACGCACATGTGTACACATCGTGCGC,625
B,TC,1,4,ACGCACATGTGTACACATCGTGCGC,565
B,TC,1,5,ACGCACATGTGTACACATCGTGCGC,536
B,TC,1,6,ACGCACATGTGTACACATCGTGCGC,567
B,TC,1,7,ACGCACATGTGTACACATCGTGCGC,583
B,TC,1,8,ACGCACATGTGTACACATCGTGCGC,559
B,TC,1,9,ACGCACATGTGTACACATCGTGCGC,595
B,TC,1,10,ACGCACATGTGTACACATCGTGCGC,576
B,TC,1,1,ACGCACATGTGTCACACATGTGCGC,1128
B,TC,1,2,ACGCACATGTGTCACACATGTGCGC,735
B,TC,1,3,ACGCACATGTGTCACACATGTGCGC,581
B,TC,1,4,ACGCACATGTGTCACACATGTGCGC,794
B,TC,1,5,ACGCACATGTGTCACACATGTGCGC,917
B,TC,1,6,ACGCACATGTGTCACACATGTGCGC,470
B,TC,1,7,ACGCACATGTGTCACACATGTGCGC,583
B,TC,1,8,ACGCACATGTGTCACACATGTGCGC,629
B,TC,1,9,ACGCACATGTGTCACACATGTGCGC,547
B,TC,1,10,ACGCACATGTGTCACACATGTGCGC,477
B,TC,1,1,ACGCATCATGTGTACACATGTGCGC,506
B,TC,1,2,ACGCATCATGTGTACACATGTGCGC,491
B,TC,1,3,ACGCATCATGTGTACACATGTGCGC,589
B,TC,1,4,ACGCATCATGTGTACACATGTGCGC,543
B,TC,1,5,ACGCATCATGTGTACACATGTGCGC,592
B,TC,1,6,ACGCATCATGTGTACACATGTGCGC,516
B,TC,1,7,ACGCATCATGTGTACACATGTGCGC,720
B,TC,1,8,ACGCATCATGTGTACACATGTGCGC,569
B,TC,1,9,ACGCATCATGTGTACACATGTGCGC,573
B,TC,1,10,ACGCATCATGTGTACACATGTGCGC,561
B,TC,2,1,ACGCACATGTGTCACACATCGTGCG,589
B,TC,2,2,ACGCACATGTGTCACACATCGTGCG,496
B,TC,2,3,ACGCACATGTGTCACACATCGTGCG,504
B,TC,2,4,ACGCACATGTGTCACACATCGTGCG,614
B,TC,2,5,ACGCACATGTGTCACACATCGTGCG,504
B,TC,2,6,ACGCACATGTGTCACACATCGTGCG,779
B,TC,2,7,ACGCACATGTGTCACACATCGTGCG,461
B,TC,2,8,ACGCACATGTGTCACACATCGTGCG,548
B,TC,2,9,ACGCACATGTGTCACACATCGTGCG,541
B,TC,2,10,ACGCACATGTGTCACACATCGTGCG,555
B,TC,2,1,ACGCATCATGTGTACACATCGTGCG,647
B,TC,2,2,ACGCATCATGTGTACACATCGTGCG,533
B,TC,2,3,ACGCATCATGTGTACACATCGTGCG,664
B,TC,2,4,ACGCATCATGTGTACACATCGTGCG,577
B,TC,2,5,ACGCATCATGTGTACACATCGTGCG,471
B,TC,2,6,ACGCATCATGTGTACACATCGTGCG,603
B,TC,2,7,ACGCATCATGTGTACACATCGTGCG,548
B,TC,2,8,ACGCATCATGTGTACACATCGTGCG,643
B,TC,2,9,ACGCATCATGTGTACACATCGTGCG,531
B,TC,2,10,ACGCATCATGTGTACACATCGTGCG,710
B,TC,2,1,ACGCATCATGTGTCACACATGTGCG,511
B,TC,2,2,ACGCATCATGTGTCACACATGTGCG,520
B,TC,2,3,ACGCATCATGTGTCACACATGTGCG,483
B,TC,2,4,ACGCATCATGTGTCACACATGTGCG,503
B,TC,2,5,ACGCATCATGTGTCACACATGTGCG,500
B,TC,2,6,ACGCATCATGTGTCACACATGTGCG,565
B,TC,2,7,ACGCATCATGTGTCACACATGTGCG,478
B,TC,2,8,ACGCATCATGTGTCACACATGTGCG,596
B,TC,2,9,ACGCATCATGTGTCACACATGTGCG,595
B,TC,2,10,ACGCATCATGTGTCACACATGTGCG,553
B,TC,3,1,ACGCATCATGTGTCACACATCGTGC,523
B,TC,3,2,ACGCATCATGTGTCACACATCGTGC,426
B,TC,3,3,ACGCATCATGTGTCACACATCGTGC,769
B,TC,3,4,ACGCATCATGTGTCACACATCGTGC,440
B,TC,3,5,ACGCATCATGTGTCACACATCGTGC,606
B,TC,3,6,ACGCATCATGTGTCACACATCGTGC,589
B,TC,3,7,ACGCATCATGTGTCACACATCGTGC,664
B,TC,3,8,ACGCATCATGTGTCACACATCGTGC,645
B,TC,3,9,ACGCATCATGTGTCACACATCGTGC,598
B,TC,3,10,ACGCATCATGTGTCACACATCGTGC,579
