Sequence_Set,Group,Count,Sequence_Replicate,Sequence,UVDDB_NUVr2
B,CT,0,1,ACGCACATGTGTACACATGTGCGTA,493
B,CT,0,2,ACGCACATGTGTACACATGTGCGTA,453
B,CT,0,3,ACGCACATGTGTACACATGTGCGTA,501
B,CT,0,4,ACGCACATGTGTACACATGTGCGTA,354
B,CT,0,5,ACGCACATGTGTACACATGTGCGTA,521
B,CT,0,6,ACGCACATGTGTACACATGTGCGTA,516
B,CT,0,7,ACGCACATGTGTACACATGTGCGTA,485
B,CT,0,8,ACGCACATGTGTACACATGTGCGTA,512
B,CT,0,9,ACGCACATGTGTACACATGTGCGTA,539
B,CT,0,10,ACGCACATGTGTACACATGTGCGTA,564
B,CT,1,1,ACGCACATGTGCTACACATGTGCGC,577
B,CT,1,2,ACGCACATGTGCTACACATGTGCGC,399
B,CT,1,3,ACGCACATGTGCTACACATGTGCGC,503
B,CT,1,4,ACGCACATGTGCTACACATGTGCGC,508
B,CT,1,5,ACGCACATGTGCTACACATGTGCGC,474
B,CT,1,6,ACGCACATGTGCTACACATGTGCGC,505
B,CT,1,7,ACGCACATGTGCTACACATGTGCGC,461
B,CT,1,8,ACGCACATGTGCTACACATGTGCGC,563
B,CT,1,9,ACGCACATGTGCTACACATGTGCGC,507
B,CT,1,10,ACGCACATGTGCTACACATGTGCGC,409
B,CT,1,1,ACGCACATGTGTACACACTGTGCGC,529
B,CT,1,2,ACGCACATGTGTACACACTGTGCGC,503
B,CT,1,3,ACGCACATGTGTACACACTGTGCGC,460
B,CT,1,4,ACGCACATGTGTACACACTGTGCGC,538
B,CT,1,5,ACGCACATGTGTACACACTGTGCGC,472
B,CT,1,6,ACGCACATGTGTACACACTGTGCGC,527
B,CT,1,7,ACGCACATGTGTACACACTGTGCGC,515
B,CT,1,8,ACGCACATGTGTACACACTGTGCGC,550
B,CT,1,9,ACGCACATGTGTACACACTGTGCGC,420
B,CT,1,10,ACGCACATGTGTACACACTGTGCGC,454
B,CT,1,1,ACGCACTATGTGTACACATGTGCGC,573
B,CT,1,2,ACGCACTATGTGTACACATGTGCGC,514
B,CT,1,3,ACGCACTATGTGTACACATGTGCGC,441
B,CT,1,4,ACGCACTATGTGTACACATGTGCGC,523
B,CT,1,5,ACGCACTATGTGTACACATGTGCGC,346
B,CT,1,6,ACGCACTATGTGTACACATGTGCGC,489
B,CT,1,7,ACGCACTATGTGTACACATGTGCGC,424
B,CT,1,8,ACGCACTATGTGTACACATGTGCGC,439
B,CT,1,9,ACGCACTATGTGTACACATGTGCGC,530
B,CT,1,10,ACGCACTATGTGTACACATGTGCGC,574
B,CT,2,1,ACGCACATGTGCTACACACTGTGCG,512
B,CT,2,2,ACGCACATGTGCTACACACTGTGCG,439
B,CT,2,3,ACGCACATGTGCTACACACTGTGCG,519
B,CT,2,4,ACGCACATGTGCTACACACTGTGCG,485
B,CT,2,5,ACGCACATGTGCTACACACTGTGCG,448
B,CT,2,6,ACGCACATGTGCTACACACTGTGCG,439
B,CT,2,7,ACGCACATGTGCTACACACTGTGCG,499
B,CT,2,8,ACGCACATGTGCTACACACTGTGCG,494
B,CT,2,9,ACGCACATGTGCTACACACTGTGCG,510
B,CT,2,10,ACGCACATGTGCTACACACTGTGCG,432
B,CT,2,1,ACGCACTATGTGCTACACATGTGCG,560
B,CT,2,2,ACGCACTATGTGCTACACATGTGCG,495
B,CT,2,3,ACGCACTATGTGCTACACATGTGCG,551
B,CT,2,4,ACGCACTATGTGCTACACATGTGCG,448
B,CT,2,5,ACGCACTATGTGCTACACATGTGCG,482
B,CT,2,6,ACGCACTATGTGCTACACATGTGCG,445
B,CT,2,7,ACGCACTATGTGCTACACATGTGCG,526
B,CT,2,8,ACGCACTATGTGCTACACATGTGCG,500
B,CT,2,9,ACGCACTATGTGCTACACATGTGCG,476
B,CT,2,10,ACGCACTATGTGCTACACATGTGCG,389
B,CT,2,1,ACGCACTATGTGTACACACTGTGCG,536
B,CT,2,2,ACGCACTATGTGTACACACTGTGCG,458
B,CT,2,3,ACGCACTATGTGTACACACTGTGCG,553
B,CT,2,4,ACGCACTATGTGTACACACTGTGCG,550
B,CT,2,5,ACGCACTATGTGTACACACTGTGCG,569
B,CT,2,6,ACGCACTATGTGTACACACTGTGCG,510
B,CT,2,7,ACGCACTATGTGTACACACTGTGCG,476
B,CT,2,8,ACGCACTATGTGTACACACTGTGCG,536
B,CT,2,9,ACGCACTATGTGTACACACTGTGCG,558
B,CT,2,10,ACGCACTATGTGTACACACTGTGCG,560
B,CT,3,1,ACGCACTATGTGCTACACACTGTGC,501
B,CT,3,2,ACGCACTATGTGCTACACACTGTGC,581
B,CT,3,3,ACGCACTATGTGCTACACACTGTGC,442
B,CT,3,4,ACGCACTATGTGCTACACACTGTGC,550
B,CT,3,5,ACGCACTATGTGCTACACACTGTGC,577
B,CT,3,6,ACGCACTATGTGCTACACACTGTGC,448
B,CT,3,7,ACGCACTATGTGCTACACACTGTGC,514
B,CT,3,8,ACGCACTATGTGCTACACACTGTGC,578
B,CT,3,9,ACGCACTATGTGCTACACACTGTGC,463
B,CT,3,10,ACGCACTATGTGCTACACACTGTGC,472
