Sequence_Set,Group,Count,Sequence_Replicate,Sequence,SixFour_NUV,SixFour_UV
A,CC,1,1,GTATGCCACGCACGTGCGTACATAC,,5911.0
A,CC,1,2,GTATGCCACGCACGTGCGTACATAC,62.0,6247.0
A,CC,1,3,GTATGCCACGCACGTGCGTACATAC,62.0,5547.0
A,CC,1,4,GTATGCCACGCACGTGCGTACATAC,55.0,5834.0
A,CC,1,5,GTATGCCACGCACGTGCGTACATAC,,11700.0
A,CC,1,6,GTATGCCACGCACGTGCGTACATAC,52.0,4173.0
A,CC,1,7,GTATGCCACGCACGTGCGTACATAC,53.0,5280.0
A,CC,1,8,GTATGCCACGCACGTGCGTACATAC,44.0,4993.0
A,CC,1,9,GTATGCCACGCACGTGCGTACATAC,74.0,5275.0
A,CC,1,10,GTATGCCACGCACGTGCGTACATAC,64.0,6184.0
A,CC,1,1,GTATGTACGCACCGTGCGTACATAC,60.0,8491.0
A,CC,1,2,GTATGTACGCACCGTGCGTACATAC,46.0,6863.0
A,CC,1,3,GTATGTACGCACCGTGCGTACATAC,56.0,6236.0
A,CC,1,4,GTATGTACGCACCGTGCGTACATAC,54.0,6127.0
A,CC,1,5,GTATGTACGCACCGTGCGTACATAC,69.0,9608.0
A,CC,1,6,GTATGTACGCACCGTGCGTACATAC,60.0,8791.0
A,CC,1,7,GTATGTACGCACCGTGCGTACATAC,48.0,
A,CC,1,8,GTATGTACGCACCGTGCGTACATAC,60.0,15314.0
A,CC,1,9,GTATGTACGCACCGTGCGTACATAC,51.0,4849.0
A,CC,1,10,GTATGTACGCACCGTGCGTACATAC,63.0,5573.0
A,CC,1,1,GTATGTACGCACGTGCGCCACATAC,60.0,6822.0
A,CC,1,2,GTATGTACGCACGTGCGCCACATAC,62.0,4442.0
A,CC,1,3,GTATGTACGCACGTGCGCCACATAC,71.0,2698.0
A,CC,1,4,GTATGTACGCACGTGCGCCACATAC,49.0,5546.0
A,CC,1,5,GTATGTACGCACGTGCGCCACATAC,52.0,4398.0
A,CC,1,6,GTATGTACGCACGTGCGCCACATAC,63.0,6434.0
A,CC,1,7,GTATGTACGCACGTGCGCCACATAC,61.0,6546.0
A,CC,1,8,GTATGTACGCACGTGCGCCACATAC,52.0,5896.0
A,CC,1,9,GTATGTACGCACGTGCGCCACATAC,48.0,7172.0
A,CC,1,10,GTATGTACGCACGTGCGCCACATAC,67.0,6066.0
A,CC,2,1,GTATGCCACGCACCGTGCGTACATA,51.0,7519.0
A,CC,2,2,GTATGCCACGCACCGTGCGTACATA,65.0,9478.0
A,CC,2,3,GTATGCCACGCACCGTGCGTACATA,61.0,6767.0
A,CC,2,4,GTATGCCACGCACCGTGCGTACATA,64.0,10118.0
A,CC,2,5,GTATGCCACGCACCGTGCGTACATA,62.0,7279.0
A,CC,2,6,GTATGCCACGCACCGTGCGTACATA,55.0,8650.0
A,CC,2,7,GTATGCCACGCACCGTGCGTACATA,56.0,9338.0
A,CC,2,8,GTATGCCACGCACCGTGCGTACATA,58.0,7563.0
A,CC,2,9,GTATGCCACGCACCGTGCGTACATA,61.0,8941.0
A,CC,2,10,GTATGCCACGCACCGTGCGTACATA,51.0,10619.0
A,CC,2,1,GTATGCCACGCACGTGCGCCACATA,56.0,6331.0
A,CC,2,2,GTATGCCACGCACGTGCGCCACATA,57.0,6672.0
A,CC,2,3,GTATGCCACGCACGTGCGCCACATA,57.0,6328.0
A,CC,2,4,GTATGCCACGCACGTGCGCCACATA,69.0,7950.0
A,CC,2,5,GTATGCCACGCACGTGCGCCACATA,54.0,4704.0
A,CC,2,6,GTATGCCACGCACGTGCGCCACATA,50.0,5861.0
A,CC,2,7,GTATGCCACGCACGTGCGCCACATA,57.0,7639.0
A,CC,2,8,GTATGCCACGCACGTGCGCCACATA,71.0,6018.0
A,CC,2,9,GTATGCCACGCACGTGCGCCACATA,58.0,8354.0
A,CC,2,10,GTATGCCACGCACGTGCGCCACATA,49.0,10563.0
A,CC,2,1,GTATGTACGCACCGTGCGCCACATA,64.0,5112.0
A,CC,2,2,GTATGTACGCACCGTGCGCCACATA,56.0,8385.0
A,CC,2,3,GTATGTACGCACCGTGCGCCACATA,58.0,8550.0
A,CC,2,4,GTATGTACGCACCGTGCGCCACATA,59.0,6963.0
A,CC,2,5,GTATGTACGCACCGTGCGCCACATA,50.0,8031.0
A,CC,2,6,GTATGTACGCACCGTGCGCCACATA,57.0,12117.0
A,CC,2,7,GTATGTACGCACCGTGCGCCACATA,58.0,8749.0
A,CC,2,8,GTATGTACGCACCGTGCGCCACATA,54.0,6358.0
A,CC,2,9,GTATGTACGCACCGTGCGCCACATA,51.0,7164.0
A,CC,2,10,GTATGTACGCACCGTGCGCCACATA,64.0,6905.0
A,CC,3,1,GTATGCCACGCACCGTGCGCCACAC,59.0,13508.0
A,CC,3,2,GTATGCCACGCACCGTGCGCCACAC,66.0,10575.0
A,CC,3,3,GTATGCCACGCACCGTGCGCCACAC,60.0,11135.0
A,CC,3,4,GTATGCCACGCACCGTGCGCCACAC,51.0,11413.0
A,CC,3,5,GTATGCCACGCACCGTGCGCCACAC,,9919.0
A,CC,3,6,GTATGCCACGCACCGTGCGCCACAC,54.0,9966.0
A,CC,3,7,GTATGCCACGCACCGTGCGCCACAC,61.0,8115.0
A,CC,3,8,GTATGCCACGCACCGTGCGCCACAC,59.0,10549.0
A,CC,3,9,GTATGCCACGCACCGTGCGCCACAC,56.0,11839.0
A,CC,3,10,GTATGCCACGCACCGTGCGCCACAC,61.0,9965.0
A,CT,1,1,GTATGCTACGCACGTGCGTACATAC,62.0,7426.0
A,CT,1,2,GTATGCTACGCACGTGCGTACATAC,51.0,3813.0
A,CT,1,3,GTATGCTACGCACGTGCGTACATAC,64.0,12774.0
A,CT,1,4,GTATGCTACGCACGTGCGTACATAC,72.0,5239.0
A,CT,1,5,GTATGCTACGCACGTGCGTACATAC,57.0,6072.0
A,CT,1,6,GTATGCTACGCACGTGCGTACATAC,52.0,5717.0
A,CT,1,7,GTATGCTACGCACGTGCGTACATAC,52.0,2283.0
A,CT,1,8,GTATGCTACGCACGTGCGTACATAC,59.0,7257.0
A,CT,1,9,GTATGCTACGCACGTGCGTACATAC,53.0,5102.0
A,CT,1,10,GTATGCTACGCACGTGCGTACATAC,62.0,4448.0
A,CT,1,1,GTATGTACGCACGTGCGCTACATAC,64.0,7942.0
A,CT,1,2,GTATGTACGCACGTGCGCTACATAC,62.0,5565.0
A,CT,1,3,GTATGTACGCACGTGCGCTACATAC,60.0,6265.0
A,CT,1,4,GTATGTACGCACGTGCGCTACATAC,54.0,4734.0
A,CT,1,5,GTATGTACGCACGTGCGCTACATAC,55.0,5898.0
A,CT,1,6,GTATGTACGCACGTGCGCTACATAC,67.0,5927.0
A,CT,1,7,GTATGTACGCACGTGCGCTACATAC,53.0,4809.0
A,CT,1,8,GTATGTACGCACGTGCGCTACATAC,64.0,6641.0
A,CT,1,9,GTATGTACGCACGTGCGCTACATAC,54.0,4290.0
A,CT,1,10,GTATGTACGCACGTGCGCTACATAC,53.0,5402.0
A,CT,1,1,GTATGTACGCACTGTGCGTACATAC,56.0,5762.0
A,CT,1,2,GTATGTACGCACTGTGCGTACATAC,58.0,5236.0
A,CT,1,3,GTATGTACGCACTGTGCGTACATAC,54.0,6625.0
A,CT,1,4,GTATGTACGCACTGTGCGTACATAC,55.0,6583.0
A,CT,1,5,GTATGTACGCACTGTGCGTACATAC,57.0,3087.0
A,CT,1,6,GTATGTACGCACTGTGCGTACATAC,47.0,5668.0
A,CT,1,7,GTATGTACGCACTGTGCGTACATAC,49.0,6487.0
A,CT,1,8,GTATGTACGCACTGTGCGTACATAC,48.0,3799.0
A,CT,1,9,GTATGTACGCACTGTGCGTACATAC,47.0,5286.0
A,CT,1,10,GTATGTACGCACTGTGCGTACATAC,50.0,5380.0
A,CT,2,1,GTATGCTACGCACGTGCGCTACATA,65.0,11333.0
A,CT,2,2,GTATGCTACGCACGTGCGCTACATA,62.0,4312.0
A,CT,2,3,GTATGCTACGCACGTGCGCTACATA,51.0,4042.0
A,CT,2,4,GTATGCTACGCACGTGCGCTACATA,65.0,5718.0
A,CT,2,5,GTATGCTACGCACGTGCGCTACATA,61.0,5313.0
A,CT,2,6,GTATGCTACGCACGTGCGCTACATA,65.0,10774.0
A,CT,2,7,GTATGCTACGCACGTGCGCTACATA,71.0,10297.0
A,CT,2,8,GTATGCTACGCACGTGCGCTACATA,46.0,5088.0
A,CT,2,9,GTATGCTACGCACGTGCGCTACATA,52.0,3839.0
A,CT,2,10,GTATGCTACGCACGTGCGCTACATA,54.0,4903.0
A,CT,2,1,GTATGCTACGCACTGTGCGTACATA,48.0,5433.0
A,CT,2,2,GTATGCTACGCACTGTGCGTACATA,57.0,5888.0
A,CT,2,3,GTATGCTACGCACTGTGCGTACATA,64.0,5826.0
A,CT,2,4,GTATGCTACGCACTGTGCGTACATA,53.0,8158.0
A,CT,2,5,GTATGCTACGCACTGTGCGTACATA,56.0,14915.0
A,CT,2,6,GTATGCTACGCACTGTGCGTACATA,52.0,3856.0
A,CT,2,7,GTATGCTACGCACTGTGCGTACATA,57.0,8417.0
A,CT,2,8,GTATGCTACGCACTGTGCGTACATA,59.0,8704.0
A,CT,2,9,GTATGCTACGCACTGTGCGTACATA,,10318.0
A,CT,2,10,GTATGCTACGCACTGTGCGTACATA,58.0,7691.0
A,CT,2,1,GTATGTACGCACTGTGCGCTACATA,62.0,4599.0
A,CT,2,2,GTATGTACGCACTGTGCGCTACATA,66.0,7571.0
A,CT,2,3,GTATGTACGCACTGTGCGCTACATA,62.0,4542.0
A,CT,2,4,GTATGTACGCACTGTGCGCTACATA,58.0,8915.0
A,CT,2,5,GTATGTACGCACTGTGCGCTACATA,,9579.0
A,CT,2,6,GTATGTACGCACTGTGCGCTACATA,55.0,5847.0
A,CT,2,7,GTATGTACGCACTGTGCGCTACATA,51.0,5533.0
A,CT,2,8,GTATGTACGCACTGTGCGCTACATA,57.0,5214.0
A,CT,2,9,GTATGTACGCACTGTGCGCTACATA,59.0,4897.0
A,CT,2,10,GTATGTACGCACTGTGCGCTACATA,57.0,4451.0
A,CT,3,1,GTATGCTACGCACTGTGCGCTACAC,57.0,13354.0
A,CT,3,2,GTATGCTACGCACTGTGCGCTACAC,62.0,6329.0
A,CT,3,3,GTATGCTACGCACTGTGCGCTACAC,69.0,5994.0
A,CT,3,4,GTATGCTACGCACTGTGCGCTACAC,65.0,5856.0
A,CT,3,5,GTATGCTACGCACTGTGCGCTACAC,,16895.0
A,CT,3,6,GTATGCTACGCACTGTGCGCTACAC,61.0,6971.0
A,CT,3,7,GTATGCTACGCACTGTGCGCTACAC,58.0,3779.0
A,CT,3,8,GTATGCTACGCACTGTGCGCTACAC,61.0,9871.0
A,CT,3,9,GTATGCTACGCACTGTGCGCTACAC,62.0,5937.0
A,CT,3,10,GTATGCTACGCACTGTGCGCTACAC,64.0,5673.0
A,No_PyDi,0,1,GTATGTACGCACGTGCGTACATACG,57.0,3397.0
A,No_PyDi,0,2,GTATGTACGCACGTGCGTACATACG,49.0,2591.0
A,No_PyDi,0,3,GTATGTACGCACGTGCGTACATACG,47.0,4149.0
A,No_PyDi,0,4,GTATGTACGCACGTGCGTACATACG,64.0,2814.0
A,No_PyDi,0,5,GTATGTACGCACGTGCGTACATACG,54.0,3261.0
A,No_PyDi,0,6,GTATGTACGCACGTGCGTACATACG,49.0,4084.0
A,No_PyDi,0,7,GTATGTACGCACGTGCGTACATACG,68.0,4263.0
A,No_PyDi,0,8,GTATGTACGCACGTGCGTACATACG,54.0,4436.0
A,No_PyDi,0,9,GTATGTACGCACGTGCGTACATACG,67.0,2849.0
A,No_PyDi,0,10,GTATGTACGCACGTGCGTACATACG,48.0,4989.0
A,TC,1,1,GTATGTACGCACGTGCGTCACATAC,61.0,9416.0
A,TC,1,2,GTATGTACGCACGTGCGTCACATAC,50.0,14314.0
A,TC,1,3,GTATGTACGCACGTGCGTCACATAC,72.0,14852.0
A,TC,1,4,GTATGTACGCACGTGCGTCACATAC,58.0,13021.0
A,TC,1,5,GTATGTACGCACGTGCGTCACATAC,62.0,7602.0
A,TC,1,6,GTATGTACGCACGTGCGTCACATAC,50.0,11294.0
A,TC,1,7,GTATGTACGCACGTGCGTCACATAC,63.0,10535.0
A,TC,1,8,GTATGTACGCACGTGCGTCACATAC,58.0,10893.0
A,TC,1,9,GTATGTACGCACGTGCGTCACATAC,65.0,6793.0
A,TC,1,10,GTATGTACGCACGTGCGTCACATAC,63.0,10516.0
A,TC,1,1,GTATGTACGCATCGTGCGTACATAC,56.0,24085.0
A,TC,1,2,GTATGTACGCATCGTGCGTACATAC,51.0,15818.0
A,TC,1,3,GTATGTACGCATCGTGCGTACATAC,51.0,19531.0
A,TC,1,4,GTATGTACGCATCGTGCGTACATAC,57.0,18709.0
A,TC,1,5,GTATGTACGCATCGTGCGTACATAC,63.0,14826.0
A,TC,1,6,GTATGTACGCATCGTGCGTACATAC,64.0,23036.0
A,TC,1,7,GTATGTACGCATCGTGCGTACATAC,52.0,18866.0
A,TC,1,8,GTATGTACGCATCGTGCGTACATAC,50.0,21652.0
A,TC,1,9,GTATGTACGCATCGTGCGTACATAC,46.0,16580.0
A,TC,1,10,GTATGTACGCATCGTGCGTACATAC,60.0,17136.0
A,TC,1,1,GTATGTCACGCACGTGCGTACATAC,56.0,7464.0
A,TC,1,2,GTATGTCACGCACGTGCGTACATAC,56.0,10895.0
A,TC,1,3,GTATGTCACGCACGTGCGTACATAC,39.0,5610.0
A,TC,1,4,GTATGTCACGCACGTGCGTACATAC,56.0,9433.0
A,TC,1,5,GTATGTCACGCACGTGCGTACATAC,72.0,6818.0
A,TC,1,6,GTATGTCACGCACGTGCGTACATAC,55.0,9387.0
A,TC,1,7,GTATGTCACGCACGTGCGTACATAC,52.0,7785.0
A,TC,1,8,GTATGTCACGCACGTGCGTACATAC,50.0,10647.0
A,TC,1,9,GTATGTCACGCACGTGCGTACATAC,57.0,8401.0
A,TC,1,10,GTATGTCACGCACGTGCGTACATAC,54.0,9364.0
A,TC,2,1,GTATGTACGCATCGTGCGTCACATA,55.0,25036.0
A,TC,2,2,GTATGTACGCATCGTGCGTCACATA,62.0,24346.0
A,TC,2,3,GTATGTACGCATCGTGCGTCACATA,61.0,24978.0
A,TC,2,4,GTATGTACGCATCGTGCGTCACATA,54.0,30326.0
A,TC,2,5,GTATGTACGCATCGTGCGTCACATA,54.0,37293.0
A,TC,2,6,GTATGTACGCATCGTGCGTCACATA,53.0,24529.0
A,TC,2,7,GTATGTACGCATCGTGCGTCACATA,57.0,26327.0
A,TC,2,8,GTATGTACGCATCGTGCGTCACATA,51.0,25724.0
A,TC,2,9,GTATGTACGCATCGTGCGTCACATA,49.0,27692.0
A,TC,2,10,GTATGTACGCATCGTGCGTCACATA,53.0,27421.0
A,TC,2,1,GTATGTCACGCACGTGCGTCACATA,50.0,14354.0
A,TC,2,2,GTATGTCACGCACGTGCGTCACATA,54.0,14598.0
A,TC,2,3,GTATGTCACGCACGTGCGTCACATA,56.0,17307.0
A,TC,2,4,GTATGTCACGCACGTGCGTCACATA,52.0,14368.0
A,TC,2,5,GTATGTCACGCACGTGCGTCACATA,,16006.0
A,TC,2,6,GTATGTCACGCACGTGCGTCACATA,47.0,13643.0
A,TC,2,7,GTATGTCACGCACGTGCGTCACATA,63.0,15597.0
A,TC,2,8,GTATGTCACGCACGTGCGTCACATA,57.0,16882.0
A,TC,2,9,GTATGTCACGCACGTGCGTCACATA,52.0,14560.0
A,TC,2,10,GTATGTCACGCACGTGCGTCACATA,66.0,16303.0
A,TC,2,1,GTATGTCACGCATCGTGCGTACATA,53.0,20052.0
A,TC,2,2,GTATGTCACGCATCGTGCGTACATA,77.0,23930.0
A,TC,2,3,GTATGTCACGCATCGTGCGTACATA,68.0,24811.0
A,TC,2,4,GTATGTCACGCATCGTGCGTACATA,48.0,25745.0
A,TC,2,5,GTATGTCACGCATCGTGCGTACATA,60.0,25755.0
A,TC,2,6,GTATGTCACGCATCGTGCGTACATA,62.0,24964.0
A,TC,2,7,GTATGTCACGCATCGTGCGTACATA,55.0,29194.0
A,TC,2,8,GTATGTCACGCATCGTGCGTACATA,63.0,25560.0
A,TC,2,9,GTATGTCACGCATCGTGCGTACATA,80.0,24025.0
A,TC,2,10,GTATGTCACGCATCGTGCGTACATA,63.0,28136.0
A,TC,3,1,GTATGTCACGCATCGTGCGTCACAC,66.0,34789.0
A,TC,3,2,GTATGTCACGCATCGTGCGTCACAC,59.0,44458.0
A,TC,3,3,GTATGTCACGCATCGTGCGTCACAC,64.0,39995.0
A,TC,3,4,GTATGTCACGCATCGTGCGTCACAC,58.0,34867.0
A,TC,3,5,GTATGTCACGCATCGTGCGTCACAC,53.0,37732.0
A,TC,3,6,GTATGTCACGCATCGTGCGTCACAC,66.0,41962.0
A,TC,3,7,GTATGTCACGCATCGTGCGTCACAC,55.0,39678.0
A,TC,3,8,GTATGTCACGCATCGTGCGTCACAC,72.0,40653.0
A,TC,3,9,GTATGTCACGCATCGTGCGTCACAC,59.0,42955.0
A,TC,3,10,GTATGTCACGCATCGTGCGTCACAC,58.0,34946.0
A,TT,1,1,GTATGTACGCACGTGCGTTACATAC,65.0,10099.0
A,TT,1,2,GTATGTACGCACGTGCGTTACATAC,67.0,11766.0
A,TT,1,3,GTATGTACGCACGTGCGTTACATAC,60.0,7366.0
A,TT,1,4,GTATGTACGCACGTGCGTTACATAC,51.0,10213.0
A,TT,1,5,GTATGTACGCACGTGCGTTACATAC,50.0,10118.0
A,TT,1,6,GTATGTACGCACGTGCGTTACATAC,44.0,7644.0
A,TT,1,7,GTATGTACGCACGTGCGTTACATAC,59.0,7671.0
A,TT,1,8,GTATGTACGCACGTGCGTTACATAC,56.0,8224.0
A,TT,1,9,GTATGTACGCACGTGCGTTACATAC,55.0,11514.0
A,TT,1,10,GTATGTACGCACGTGCGTTACATAC,62.0,7836.0
A,TT,1,1,GTATGTACGCATTGTGCGTACATAC,55.0,11297.0
A,TT,1,2,GTATGTACGCATTGTGCGTACATAC,50.0,11541.0
A,TT,1,3,GTATGTACGCATTGTGCGTACATAC,47.0,12159.0
A,TT,1,4,GTATGTACGCATTGTGCGTACATAC,,15881.0
A,TT,1,5,GTATGTACGCATTGTGCGTACATAC,52.0,13647.0
A,TT,1,6,GTATGTACGCATTGTGCGTACATAC,56.0,12441.0
A,TT,1,7,GTATGTACGCATTGTGCGTACATAC,66.0,10017.0
A,TT,1,8,GTATGTACGCATTGTGCGTACATAC,57.0,9263.0
A,TT,1,9,GTATGTACGCATTGTGCGTACATAC,49.0,24973.0
A,TT,1,10,GTATGTACGCATTGTGCGTACATAC,48.0,23374.0
A,TT,1,1,GTATGTTACGCACGTGCGTACATAC,,7708.0
A,TT,1,2,GTATGTTACGCACGTGCGTACATAC,57.0,7196.0
A,TT,1,3,GTATGTTACGCACGTGCGTACATAC,50.0,12153.0
A,TT,1,4,GTATGTTACGCACGTGCGTACATAC,56.0,13913.0
A,TT,1,5,GTATGTTACGCACGTGCGTACATAC,59.0,7805.0
A,TT,1,6,GTATGTTACGCACGTGCGTACATAC,56.0,6254.0
A,TT,1,7,GTATGTTACGCACGTGCGTACATAC,59.0,10307.0
A,TT,1,8,GTATGTTACGCACGTGCGTACATAC,68.0,7803.0
A,TT,1,9,GTATGTTACGCACGTGCGTACATAC,60.0,12636.0
A,TT,1,10,GTATGTTACGCACGTGCGTACATAC,61.0,8255.0
A,TT,2,1,GTATGTACGCATTGTGCGTTACATA,61.0,15296.0
A,TT,2,2,GTATGTACGCATTGTGCGTTACATA,43.0,12401.0
A,TT,2,3,GTATGTACGCATTGTGCGTTACATA,62.0,15202.0
A,TT,2,4,GTATGTACGCATTGTGCGTTACATA,54.0,16081.0
A,TT,2,5,GTATGTACGCATTGTGCGTTACATA,50.0,13919.0
A,TT,2,6,GTATGTACGCATTGTGCGTTACATA,55.0,14749.0
A,TT,2,7,GTATGTACGCATTGTGCGTTACATA,49.0,13433.0
A,TT,2,8,GTATGTACGCATTGTGCGTTACATA,51.0,14093.0
A,TT,2,9,GTATGTACGCATTGTGCGTTACATA,46.0,15069.0
A,TT,2,10,GTATGTACGCATTGTGCGTTACATA,59.0,18529.0
A,TT,2,1,GTATGTTACGCACGTGCGTTACATA,58.0,14690.0
A,TT,2,2,GTATGTTACGCACGTGCGTTACATA,,12243.0
A,TT,2,3,GTATGTTACGCACGTGCGTTACATA,56.0,10059.0
A,TT,2,4,GTATGTTACGCACGTGCGTTACATA,45.0,8612.0
A,TT,2,5,GTATGTTACGCACGTGCGTTACATA,49.0,11345.0
A,TT,2,6,GTATGTTACGCACGTGCGTTACATA,61.0,6631.0
A,TT,2,7,GTATGTTACGCACGTGCGTTACATA,64.0,11413.0
A,TT,2,8,GTATGTTACGCACGTGCGTTACATA,60.0,11126.0
A,TT,2,9,GTATGTTACGCACGTGCGTTACATA,57.0,12338.0
A,TT,2,10,GTATGTTACGCACGTGCGTTACATA,50.0,10612.0
A,TT,2,1,GTATGTTACGCATTGTGCGTACATA,49.0,12315.0
A,TT,2,2,GTATGTTACGCATTGTGCGTACATA,57.0,15257.0
A,TT,2,3,GTATGTTACGCATTGTGCGTACATA,62.0,13618.0
A,TT,2,4,GTATGTTACGCATTGTGCGTACATA,52.0,12030.0
A,TT,2,5,GTATGTTACGCATTGTGCGTACATA,45.0,13504.0
A,TT,2,6,GTATGTTACGCATTGTGCGTACATA,47.0,14665.0
A,TT,2,7,GTATGTTACGCATTGTGCGTACATA,58.0,16122.0
A,TT,2,8,GTATGTTACGCATTGTGCGTACATA,60.0,16812.0
A,TT,2,9,GTATGTTACGCATTGTGCGTACATA,54.0,11666.0
A,TT,2,10,GTATGTTACGCATTGTGCGTACATA,67.0,26532.0
A,TT,3,1,GTATGTTACGCATTGTGCGTTACAC,53.0,20521.0
A,TT,3,2,GTATGTTACGCATTGTGCGTTACAC,65.0,16190.0
A,TT,3,3,GTATGTTACGCATTGTGCGTTACAC,63.0,16500.0
A,TT,3,4,GTATGTTACGCATTGTGCGTTACAC,63.0,20191.0
A,TT,3,5,GTATGTTACGCATTGTGCGTTACAC,69.0,17897.0
A,TT,3,6,GTATGTTACGCATTGTGCGTTACAC,65.0,24092.0
A,TT,3,7,GTATGTTACGCATTGTGCGTTACAC,64.0,29062.0
A,TT,3,8,GTATGTTACGCATTGTGCGTTACAC,54.0,19256.0
A,TT,3,9,GTATGTTACGCATTGTGCGTTACAC,62.0,19092.0
A,TT,3,10,GTATGTTACGCATTGTGCGTTACAC,62.0,20840.0
B,CC,1,1,ACGCACATGTGCCACACATGTGCGC,32.0,5045.0
B,CC,1,2,ACGCACATGTGCCACACATGTGCGC,30.0,6287.0
B,CC,1,3,ACGCACATGTGCCACACATGTGCGC,34.0,10384.0
B,CC,1,4,ACGCACATGTGCCACACATGTGCGC,36.0,5765.0
B,CC,1,5,ACGCACATGTGCCACACATGTGCGC,31.0,3995.0
B,CC,1,6,ACGCACATGTGCCACACATGTGCGC,38.0,5466.0
B,CC,1,7,ACGCACATGTGCCACACATGTGCGC,45.0,6415.0
B,CC,1,8,ACGCACATGTGCCACACATGTGCGC,37.0,5426.0
B,CC,1,9,ACGCACATGTGCCACACATGTGCGC,34.0,4227.0
B,CC,1,10,ACGCACATGTGCCACACATGTGCGC,37.0,6317.0
B,CC,1,1,ACGCACATGTGTACACACCGTGCGC,39.0,15131.0
B,CC,1,2,ACGCACATGTGTACACACCGTGCGC,34.0,8346.0
B,CC,1,3,ACGCACATGTGTACACACCGTGCGC,34.0,7013.0
B,CC,1,4,ACGCACATGTGTACACACCGTGCGC,36.0,7240.0
B,CC,1,5,ACGCACATGTGTACACACCGTGCGC,38.0,8132.0
B,CC,1,6,ACGCACATGTGTACACACCGTGCGC,40.0,8858.0
B,CC,1,7,ACGCACATGTGTACACACCGTGCGC,34.0,9703.0
B,CC,1,8,ACGCACATGTGTACACACCGTGCGC,39.0,7368.0
B,CC,1,9,ACGCACATGTGTACACACCGTGCGC,39.0,8409.0
B,CC,1,10,ACGCACATGTGTACACACCGTGCGC,33.0,6837.0
B,CC,1,1,ACGCACCATGTGTACACATGTGCGC,40.0,6291.0
B,CC,1,2,ACGCACCATGTGTACACATGTGCGC,26.0,7539.0
B,CC,1,3,ACGCACCATGTGTACACATGTGCGC,39.0,10006.0
B,CC,1,4,ACGCACCATGTGTACACATGTGCGC,32.0,9659.0
B,CC,1,5,ACGCACCATGTGTACACATGTGCGC,38.0,8062.0
B,CC,1,6,ACGCACCATGTGTACACATGTGCGC,34.0,9349.0
B,CC,1,7,ACGCACCATGTGTACACATGTGCGC,,16489.0
B,CC,1,8,ACGCACCATGTGTACACATGTGCGC,36.0,8850.0
B,CC,1,9,ACGCACCATGTGTACACATGTGCGC,39.0,10202.0
B,CC,1,10,ACGCACCATGTGTACACATGTGCGC,30.0,7585.0
B,CC,2,1,ACGCACATGTGCCACACACCGTGCG,30.0,7059.0
B,CC,2,2,ACGCACATGTGCCACACACCGTGCG,40.0,14588.0
B,CC,2,3,ACGCACATGTGCCACACACCGTGCG,35.0,4508.0
B,CC,2,4,ACGCACATGTGCCACACACCGTGCG,46.0,6189.0
B,CC,2,5,ACGCACATGTGCCACACACCGTGCG,39.0,8086.0
B,CC,2,6,ACGCACATGTGCCACACACCGTGCG,27.0,9029.0
B,CC,2,7,ACGCACATGTGCCACACACCGTGCG,30.0,11150.0
B,CC,2,8,ACGCACATGTGCCACACACCGTGCG,35.0,9212.0
B,CC,2,9,ACGCACATGTGCCACACACCGTGCG,35.0,8159.0
B,CC,2,10,ACGCACATGTGCCACACACCGTGCG,31.0,8610.0
B,CC,2,1,ACGCACCATGTGCCACACATGTGCG,35.0,8965.0
B,CC,2,2,ACGCACCATGTGCCACACATGTGCG,30.0,12711.0
B,CC,2,3,ACGCACCATGTGCCACACATGTGCG,38.0,7889.0
B,CC,2,4,ACGCACCATGTGCCACACATGTGCG,37.0,9354.0
B,CC,2,5,ACGCACCATGTGCCACACATGTGCG,46.0,10041.0
B,CC,2,6,ACGCACCATGTGCCACACATGTGCG,38.0,8531.0
B,CC,2,7,ACGCACCATGTGCCACACATGTGCG,40.0,7316.0
B,CC,2,8,ACGCACCATGTGCCACACATGTGCG,41.0,15164.0
B,CC,2,9,ACGCACCATGTGCCACACATGTGCG,42.0,7475.0
B,CC,2,10,ACGCACCATGTGCCACACATGTGCG,40.0,9223.0
B,CC,2,1,ACGCACCATGTGTACACACCGTGCG,39.0,7415.0
B,CC,2,2,ACGCACCATGTGTACACACCGTGCG,48.0,11370.0
B,CC,2,3,ACGCACCATGTGTACACACCGTGCG,41.0,16824.0
B,CC,2,4,ACGCACCATGTGTACACACCGTGCG,33.0,10089.0
B,CC,2,5,ACGCACCATGTGTACACACCGTGCG,43.0,11480.0
B,CC,2,6,ACGCACCATGTGTACACACCGTGCG,39.0,12592.0
B,CC,2,7,ACGCACCATGTGTACACACCGTGCG,31.0,9789.0
B,CC,2,8,ACGCACCATGTGTACACACCGTGCG,33.0,11396.0
B,CC,2,9,ACGCACCATGTGTACACACCGTGCG,31.0,11833.0
B,CC,2,10,ACGCACCATGTGTACACACCGTGCG,34.0,10018.0
B,CC,3,1,ACGCACCATGTGCCACACACCGTGC,36.0,12200.0
B,CC,3,2,ACGCACCATGTGCCACACACCGTGC,37.0,14297.0
B,CC,3,3,ACGCACCATGTGCCACACACCGTGC,42.0,13323.0
B,CC,3,4,ACGCACCATGTGCCACACACCGTGC,37.0,15422.0
B,CC,3,5,ACGCACCATGTGCCACACACCGTGC,34.0,13552.0
B,CC,3,6,ACGCACCATGTGCCACACACCGTGC,35.0,13041.0
B,CC,3,7,ACGCACCATGTGCCACACACCGTGC,28.0,11846.0
B,CC,3,8,ACGCACCATGTGCCACACACCGTGC,33.0,13480.0
B,CC,3,9,ACGCACCATGTGCCACACACCGTGC,35.0,15169.0
B,CC,3,10,ACGCACCATGTGCCACACACCGTGC,37.0,12094.0
B,CT,1,1,ACGCACATGTGCTACACATGTGCGC,41.0,3238.0
B,CT,1,2,ACGCACATGTGCTACACATGTGCGC,37.0,6158.0
B,CT,1,3,ACGCACATGTGCTACACATGTGCGC,35.0,5774.0
B,CT,1,4,ACGCACATGTGCTACACATGTGCGC,35.0,7647.0
B,CT,1,5,ACGCACATGTGCTACACATGTGCGC,39.0,5627.0
B,CT,1,6,ACGCACATGTGCTACACATGTGCGC,37.0,7242.0
B,CT,1,7,ACGCACATGTGCTACACATGTGCGC,39.0,5023.0
B,CT,1,8,ACGCACATGTGCTACACATGTGCGC,37.0,4160.0
B,CT,1,9,ACGCACATGTGCTACACATGTGCGC,34.0,7783.0
B,CT,1,10,ACGCACATGTGCTACACATGTGCGC,39.0,3647.0
B,CT,1,1,ACGCACATGTGTACACACTGTGCGC,35.0,8687.0
B,CT,1,2,ACGCACATGTGTACACACTGTGCGC,36.0,6191.0
B,CT,1,3,ACGCACATGTGTACACACTGTGCGC,36.0,4206.0
B,CT,1,4,ACGCACATGTGTACACACTGTGCGC,32.0,5875.0
B,CT,1,5,ACGCACATGTGTACACACTGTGCGC,35.0,10596.0
B,CT,1,6,ACGCACATGTGTACACACTGTGCGC,34.0,7114.0
B,CT,1,7,ACGCACATGTGTACACACTGTGCGC,31.0,7899.0
B,CT,1,8,ACGCACATGTGTACACACTGTGCGC,32.0,4314.0
B,CT,1,9,ACGCACATGTGTACACACTGTGCGC,40.0,3853.0
B,CT,1,10,ACGCACATGTGTACACACTGTGCGC,28.0,5932.0
B,CT,1,1,ACGCACTATGTGTACACATGTGCGC,37.0,8256.0
B,CT,1,2,ACGCACTATGTGTACACATGTGCGC,43.0,8183.0
B,CT,1,3,ACGCACTATGTGTACACATGTGCGC,37.0,7630.0
B,CT,1,4,ACGCACTATGTGTACACATGTGCGC,41.0,6260.0
B,CT,1,5,ACGCACTATGTGTACACATGTGCGC,39.0,6603.0
B,CT,1,6,ACGCACTATGTGTACACATGTGCGC,36.0,3839.0
B,CT,1,7,ACGCACTATGTGTACACATGTGCGC,47.0,8812.0
B,CT,1,8,ACGCACTATGTGTACACATGTGCGC,,9565.0
B,CT,1,9,ACGCACTATGTGTACACATGTGCGC,52.0,8387.0
B,CT,1,10,ACGCACTATGTGTACACATGTGCGC,46.0,6551.0
B,CT,2,1,ACGCACATGTGCTACACACTGTGCG,43.0,2753.0
B,CT,2,2,ACGCACATGTGCTACACACTGTGCG,35.0,4934.0
B,CT,2,3,ACGCACATGTGCTACACACTGTGCG,27.0,5889.0
B,CT,2,4,ACGCACATGTGCTACACACTGTGCG,33.0,5200.0
B,CT,2,5,ACGCACATGTGCTACACACTGTGCG,38.0,3724.0
B,CT,2,6,ACGCACATGTGCTACACACTGTGCG,35.0,6860.0
B,CT,2,7,ACGCACATGTGCTACACACTGTGCG,33.0,8276.0
B,CT,2,8,ACGCACATGTGCTACACACTGTGCG,37.0,7774.0
B,CT,2,9,ACGCACATGTGCTACACACTGTGCG,32.0,4686.0
B,CT,2,10,ACGCACATGTGCTACACACTGTGCG,43.0,6742.0
B,CT,2,1,ACGCACTATGTGCTACACATGTGCG,88.0,5254.0
B,CT,2,2,ACGCACTATGTGCTACACATGTGCG,46.0,6398.0
B,CT,2,3,ACGCACTATGTGCTACACATGTGCG,48.0,9686.0
B,CT,2,4,ACGCACTATGTGCTACACATGTGCG,47.0,8039.0
B,CT,2,5,ACGCACTATGTGCTACACATGTGCG,36.0,6392.0
B,CT,2,6,ACGCACTATGTGCTACACATGTGCG,45.0,4637.0
B,CT,2,7,ACGCACTATGTGCTACACATGTGCG,43.0,8448.0
B,CT,2,8,ACGCACTATGTGCTACACATGTGCG,35.0,5275.0
B,CT,2,9,ACGCACTATGTGCTACACATGTGCG,42.0,5284.0
B,CT,2,10,ACGCACTATGTGCTACACATGTGCG,41.0,5420.0
B,CT,2,1,ACGCACTATGTGTACACACTGTGCG,41.0,4641.0
B,CT,2,2,ACGCACTATGTGTACACACTGTGCG,40.0,7094.0
B,CT,2,3,ACGCACTATGTGTACACACTGTGCG,45.0,6760.0
B,CT,2,4,ACGCACTATGTGTACACACTGTGCG,42.0,11308.0
B,CT,2,5,ACGCACTATGTGTACACACTGTGCG,,8566.0
B,CT,2,6,ACGCACTATGTGTACACACTGTGCG,31.0,7619.0
B,CT,2,7,ACGCACTATGTGTACACACTGTGCG,34.0,5728.0
B,CT,2,8,ACGCACTATGTGTACACACTGTGCG,39.0,7400.0
B,CT,2,9,ACGCACTATGTGTACACACTGTGCG,48.0,7726.0
B,CT,2,10,ACGCACTATGTGTACACACTGTGCG,58.0,8103.0
B,CT,3,1,ACGCACTATGTGCTACACACTGTGC,41.0,6138.0
B,CT,3,2,ACGCACTATGTGCTACACACTGTGC,44.0,16415.0
B,CT,3,3,ACGCACTATGTGCTACACACTGTGC,40.0,11394.0
B,CT,3,4,ACGCACTATGTGCTACACACTGTGC,49.0,7986.0
B,CT,3,5,ACGCACTATGTGCTACACACTGTGC,58.0,11239.0
B,CT,3,6,ACGCACTATGTGCTACACACTGTGC,49.0,3646.0
B,CT,3,7,ACGCACTATGTGCTACACACTGTGC,40.0,9242.0
B,CT,3,8,ACGCACTATGTGCTACACACTGTGC,48.0,15048.0
B,CT,3,9,ACGCACTATGTGCTACACACTGTGC,47.0,7941.0
B,CT,3,10,ACGCACTATGTGCTACACACTGTGC,55.0,8923.0
B,No_PyDi,0,1,ACGCACATGTGTACACATGTGCGTA,38.0,3919.0
B,No_PyDi,0,2,ACGCACATGTGTACACATGTGCGTA,39.0,3216.0
B,No_PyDi,0,3,ACGCACATGTGTACACATGTGCGTA,39.0,7033.0
B,No_PyDi,0,4,ACGCACATGTGTACACATGTGCGTA,34.0,4927.0
B,No_PyDi,0,5,ACGCACATGTGTACACATGTGCGTA,36.0,5162.0
B,No_PyDi,0,6,ACGCACATGTGTACACATGTGCGTA,43.0,4757.0
B,No_PyDi,0,7,ACGCACATGTGTACACATGTGCGTA,45.0,5931.0
B,No_PyDi,0,8,ACGCACATGTGTACACATGTGCGTA,37.0,5818.0
B,No_PyDi,0,9,ACGCACATGTGTACACATGTGCGTA,48.0,5966.0
B,No_PyDi,0,10,ACGCACATGTGTACACATGTGCGTA,35.0,5771.0
B,TC,1,1,ACGCACATGTGTACACATCGTGCGC,37.0,15758.0
B,TC,1,2,ACGCACATGTGTACACATCGTGCGC,47.0,15643.0
B,TC,1,3,ACGCACATGTGTACACATCGTGCGC,35.0,14184.0
B,TC,1,4,ACGCACATGTGTACACATCGTGCGC,40.0,10742.0
B,TC,1,5,ACGCACATGTGTACACATCGTGCGC,33.0,19678.0
B,TC,1,6,ACGCACATGTGTACACATCGTGCGC,36.0,17939.0
B,TC,1,7,ACGCACATGTGTACACATCGTGCGC,34.0,16749.0
B,TC,1,8,ACGCACATGTGTACACATCGTGCGC,33.0,18781.0
B,TC,1,9,ACGCACATGTGTACACATCGTGCGC,37.0,19588.0
B,TC,1,10,ACGCACATGTGTACACATCGTGCGC,36.0,18270.0
B,TC,1,1,ACGCACATGTGTCACACATGTGCGC,30.0,6731.0
B,TC,1,2,ACGCACATGTGTCACACATGTGCGC,39.0,4524.0
B,TC,1,3,ACGCACATGTGTCACACATGTGCGC,35.0,20638.0
B,TC,1,4,ACGCACATGTGTCACACATGTGCGC,38.0,7604.0
B,TC,1,5,ACGCACATGTGTCACACATGTGCGC,36.0,3381.0
B,TC,1,6,ACGCACATGTGTCACACATGTGCGC,38.0,8340.0
B,TC,1,7,ACGCACATGTGTCACACATGTGCGC,44.0,16324.0
B,TC,1,8,ACGCACATGTGTCACACATGTGCGC,39.0,8290.0
B,TC,1,9,ACGCACATGTGTCACACATGTGCGC,39.0,8163.0
B,TC,1,10,ACGCACATGTGTCACACATGTGCGC,39.0,13178.0
B,TC,1,1,ACGCATCATGTGTACACATGTGCGC,44.0,20292.0
B,TC,1,2,ACGCATCATGTGTACACATGTGCGC,47.0,11919.0
B,TC,1,3,ACGCATCATGTGTACACATGTGCGC,49.0,30555.0
B,TC,1,4,ACGCATCATGTGTACACATGTGCGC,39.0,23398.0
B,TC,1,5,ACGCATCATGTGTACACATGTGCGC,40.0,21144.0
B,TC,1,6,ACGCATCATGTGTACACATGTGCGC,43.0,22709.0
B,TC,1,7,ACGCATCATGTGTACACATGTGCGC,35.0,24282.0
B,TC,1,8,ACGCATCATGTGTACACATGTGCGC,39.0,20441.0
B,TC,1,9,ACGCATCATGTGTACACATGTGCGC,36.0,23617.0
B,TC,1,10,ACGCATCATGTGTACACATGTGCGC,55.0,25337.0
B,TC,2,1,ACGCACATGTGTCACACATCGTGCG,42.0,13488.0
B,TC,2,2,ACGCACATGTGTCACACATCGTGCG,39.0,26674.0
B,TC,2,3,ACGCACATGTGTCACACATCGTGCG,37.0,29166.0
B,TC,2,4,ACGCACATGTGTCACACATCGTGCG,31.0,26881.0
B,TC,2,5,ACGCACATGTGTCACACATCGTGCG,43.0,27054.0
B,TC,2,6,ACGCACATGTGTCACACATCGTGCG,39.0,18524.0
B,TC,2,7,ACGCACATGTGTCACACATCGTGCG,36.0,26309.0
B,TC,2,8,ACGCACATGTGTCACACATCGTGCG,28.0,20518.0
B,TC,2,9,ACGCACATGTGTCACACATCGTGCG,39.0,26064.0
B,TC,2,10,ACGCACATGTGTCACACATCGTGCG,37.0,28967.0
B,TC,2,1,ACGCATCATGTGTACACATCGTGCG,44.0,47290.0
B,TC,2,2,ACGCATCATGTGTACACATCGTGCG,47.0,65535.0
B,TC,2,3,ACGCATCATGTGTACACATCGTGCG,41.0,48935.0
B,TC,2,4,ACGCATCATGTGTACACATCGTGCG,39.0,65535.0
B,TC,2,5,ACGCATCATGTGTACACATCGTGCG,39.0,65535.0
B,TC,2,6,ACGCATCATGTGTACACATCGTGCG,44.0,65535.0
B,TC,2,7,ACGCATCATGTGTACACATCGTGCG,,65535.0
B,TC,2,8,ACGCATCATGTGTACACATCGTGCG,41.0,65535.0
B,TC,2,9,ACGCATCATGTGTACACATCGTGCG,42.0,38864.0
B,TC,2,10,ACGCATCATGTGTACACATCGTGCG,47.0,38491.0
B,TC,2,1,ACGCATCATGTGTCACACATGTGCG,44.0,32252.0
B,TC,2,2,ACGCATCATGTGTCACACATGTGCG,45.0,13799.0
B,TC,2,3,ACGCATCATGTGTCACACATGTGCG,42.0,30739.0
B,TC,2,4,ACGCATCATGTGTCACACATGTGCG,41.0,30034.0
B,TC,2,5,ACGCATCATGTGTCACACATGTGCG,40.0,26557.0
B,TC,2,6,ACGCATCATGTGTCACACATGTGCG,40.0,38570.0
B,TC,2,7,ACGCATCATGTGTCACACATGTGCG,34.0,15478.0
B,TC,2,8,ACGCATCATGTGTCACACATGTGCG,37.0,26963.0
B,TC,2,9,ACGCATCATGTGTCACACATGTGCG,38.0,27358.0
B,TC,2,10,ACGCATCATGTGTCACACATGTGCG,38.0,31812.0
B,TC,3,1,ACGCATCATGTGTCACACATCGTGC,42.0,65535.0
B,TC,3,2,ACGCATCATGTGTCACACATCGTGC,35.0,24665.0
B,TC,3,3,ACGCATCATGTGTCACACATCGTGC,43.0,65535.0
B,TC,3,4,ACGCATCATGTGTCACACATCGTGC,43.0,65535.0
B,TC,3,5,ACGCATCATGTGTCACACATCGTGC,38.0,65535.0
B,TC,3,6,ACGCATCATGTGTCACACATCGTGC,41.0,65535.0
B,TC,3,7,ACGCATCATGTGTCACACATCGTGC,38.0,65535.0
B,TC,3,8,ACGCATCATGTGTCACACATCGTGC,46.0,65535.0
B,TC,3,9,ACGCATCATGTGTCACACATCGTGC,39.0,62026.0
B,TC,3,10,ACGCATCATGTGTCACACATCGTGC,42.0,25169.0
B,TT,1,1,ACGCACATGTGTACACATTGTGCGC,40.0,11310.0
B,TT,1,2,ACGCACATGTGTACACATTGTGCGC,35.0,11960.0
B,TT,1,3,ACGCACATGTGTACACATTGTGCGC,37.0,8485.0
B,TT,1,4,ACGCACATGTGTACACATTGTGCGC,28.0,12256.0
B,TT,1,5,ACGCACATGTGTACACATTGTGCGC,,13730.0
B,TT,1,6,ACGCACATGTGTACACATTGTGCGC,36.0,10530.0
B,TT,1,7,ACGCACATGTGTACACATTGTGCGC,35.0,11734.0
B,TT,1,8,ACGCACATGTGTACACATTGTGCGC,38.0,18029.0
B,TT,1,9,ACGCACATGTGTACACATTGTGCGC,37.0,13429.0
B,TT,1,10,ACGCACATGTGTACACATTGTGCGC,44.0,13167.0
B,TT,1,1,ACGCACATGTGTTACACATGTGCGC,35.0,6139.0
B,TT,1,2,ACGCACATGTGTTACACATGTGCGC,42.0,10930.0
B,TT,1,3,ACGCACATGTGTTACACATGTGCGC,38.0,14944.0
B,TT,1,4,ACGCACATGTGTTACACATGTGCGC,33.0,6583.0
B,TT,1,5,ACGCACATGTGTTACACATGTGCGC,32.0,9622.0
B,TT,1,6,ACGCACATGTGTTACACATGTGCGC,35.0,8581.0
B,TT,1,7,ACGCACATGTGTTACACATGTGCGC,46.0,7854.0
B,TT,1,8,ACGCACATGTGTTACACATGTGCGC,31.0,9097.0
B,TT,1,9,ACGCACATGTGTTACACATGTGCGC,43.0,8928.0
B,TT,1,10,ACGCACATGTGTTACACATGTGCGC,37.0,7667.0
B,TT,1,1,ACGCATTATGTGTACACATGTGCGC,53.0,16945.0
B,TT,1,2,ACGCATTATGTGTACACATGTGCGC,47.0,13321.0
B,TT,1,3,ACGCATTATGTGTACACATGTGCGC,50.0,14883.0
B,TT,1,4,ACGCATTATGTGTACACATGTGCGC,40.0,16331.0
B,TT,1,5,ACGCATTATGTGTACACATGTGCGC,59.0,14352.0
B,TT,1,6,ACGCATTATGTGTACACATGTGCGC,49.0,13840.0
B,TT,1,7,ACGCATTATGTGTACACATGTGCGC,52.0,13926.0
B,TT,1,8,ACGCATTATGTGTACACATGTGCGC,57.0,23353.0
B,TT,1,9,ACGCATTATGTGTACACATGTGCGC,46.0,17747.0
B,TT,1,10,ACGCATTATGTGTACACATGTGCGC,50.0,15818.0
B,TT,2,1,ACGCACATGTGTTACACATTGTGCG,40.0,12401.0
B,TT,2,2,ACGCACATGTGTTACACATTGTGCG,33.0,21722.0
B,TT,2,3,ACGCACATGTGTTACACATTGTGCG,26.0,18821.0
B,TT,2,4,ACGCACATGTGTTACACATTGTGCG,31.0,13229.0
B,TT,2,5,ACGCACATGTGTTACACATTGTGCG,38.0,17594.0
B,TT,2,6,ACGCACATGTGTTACACATTGTGCG,39.0,12202.0
B,TT,2,7,ACGCACATGTGTTACACATTGTGCG,35.0,12585.0
B,TT,2,8,ACGCACATGTGTTACACATTGTGCG,37.0,14002.0
B,TT,2,9,ACGCACATGTGTTACACATTGTGCG,43.0,12422.0
B,TT,2,10,ACGCACATGTGTTACACATTGTGCG,36.0,19377.0
B,TT,2,1,ACGCATTATGTGTACACATTGTGCG,39.0,22875.0
B,TT,2,2,ACGCATTATGTGTACACATTGTGCG,49.0,18575.0
B,TT,2,3,ACGCATTATGTGTACACATTGTGCG,43.0,19763.0
B,TT,2,4,ACGCATTATGTGTACACATTGTGCG,47.0,19644.0
B,TT,2,5,ACGCATTATGTGTACACATTGTGCG,50.0,23978.0
B,TT,2,6,ACGCATTATGTGTACACATTGTGCG,43.0,20974.0
B,TT,2,7,ACGCATTATGTGTACACATTGTGCG,48.0,21248.0
B,TT,2,8,ACGCATTATGTGTACACATTGTGCG,44.0,19482.0
B,TT,2,9,ACGCATTATGTGTACACATTGTGCG,57.0,18895.0
B,TT,2,10,ACGCATTATGTGTACACATTGTGCG,54.0,19333.0
B,TT,2,1,ACGCATTATGTGTTACACATGTGCG,39.0,17538.0
B,TT,2,2,ACGCATTATGTGTTACACATGTGCG,50.0,15336.0
B,TT,2,3,ACGCATTATGTGTTACACATGTGCG,46.0,23596.0
B,TT,2,4,ACGCATTATGTGTTACACATGTGCG,44.0,19388.0
B,TT,2,5,ACGCATTATGTGTTACACATGTGCG,43.0,18752.0
B,TT,2,6,ACGCATTATGTGTTACACATGTGCG,42.0,19147.0
B,TT,2,7,ACGCATTATGTGTTACACATGTGCG,59.0,19408.0
B,TT,2,8,ACGCATTATGTGTTACACATGTGCG,56.0,18048.0
B,TT,2,9,ACGCATTATGTGTTACACATGTGCG,35.0,21959.0
B,TT,2,10,ACGCATTATGTGTTACACATGTGCG,48.0,17796.0
B,TT,3,1,ACGCATTATGTGTTACACATTGTGC,49.0,35008.0
B,TT,3,2,ACGCATTATGTGTTACACATTGTGC,54.0,30830.0
B,TT,3,3,ACGCATTATGTGTTACACATTGTGC,45.0,26828.0
B,TT,3,4,ACGCATTATGTGTTACACATTGTGC,57.0,34002.0
B,TT,3,5,ACGCATTATGTGTTACACATTGTGC,68.0,30372.0
B,TT,3,6,ACGCATTATGTGTTACACATTGTGC,49.0,26230.0
B,TT,3,7,ACGCATTATGTGTTACACATTGTGC,45.0,31698.0
B,TT,3,8,ACGCATTATGTGTTACACATTGTGC,49.0,26110.0
B,TT,3,9,ACGCATTATGTGTTACACATTGTGC,42.0,22653.0
B,TT,3,10,ACGCATTATGTGTTACACATTGTGC,49.0,
C,CC,1,1,GTACGCCACGTATATATACGTACGC,63.0,10870.0
C,CC,1,2,GTACGCCACGTATATATACGTACGC,59.0,4398.0
C,CC,1,3,GTACGCCACGTATATATACGTACGC,,5507.0
C,CC,1,4,GTACGCCACGTATATATACGTACGC,63.0,4575.0
C,CC,1,5,GTACGCCACGTATATATACGTACGC,51.0,6859.0
C,CC,1,6,GTACGCCACGTATATATACGTACGC,51.0,6447.0
C,CC,1,7,GTACGCCACGTATATATACGTACGC,66.0,5378.0
C,CC,1,8,GTACGCCACGTATATATACGTACGC,51.0,6029.0
C,CC,1,9,GTACGCCACGTATATATACGTACGC,66.0,11228.0
C,CC,1,10,GTACGCCACGTATATATACGTACGC,54.0,9352.0
C,CC,1,1,GTACGTACGTACCATATACGTACGC,60.0,8786.0
C,CC,1,2,GTACGTACGTACCATATACGTACGC,58.0,7776.0
C,CC,1,3,GTACGTACGTACCATATACGTACGC,61.0,8893.0
C,CC,1,4,GTACGTACGTACCATATACGTACGC,61.0,9980.0
C,CC,1,5,GTACGTACGTACCATATACGTACGC,54.0,8534.0
C,CC,1,6,GTACGTACGTACCATATACGTACGC,65.0,8801.0
C,CC,1,7,GTACGTACGTACCATATACGTACGC,47.0,8632.0
C,CC,1,8,GTACGTACGTACCATATACGTACGC,53.0,8090.0
C,CC,1,9,GTACGTACGTACCATATACGTACGC,68.0,8848.0
C,CC,1,10,GTACGTACGTACCATATACGTACGC,52.0,7891.0
C,CC,1,1,GTACGTACGTATATATACCGTACGC,59.0,6874.0
C,CC,1,2,GTACGTACGTATATATACCGTACGC,53.0,7987.0
C,CC,1,3,GTACGTACGTATATATACCGTACGC,58.0,8381.0
C,CC,1,4,GTACGTACGTATATATACCGTACGC,67.0,8801.0
C,CC,1,5,GTACGTACGTATATATACCGTACGC,55.0,9602.0
C,CC,1,6,GTACGTACGTATATATACCGTACGC,46.0,11971.0
C,CC,1,7,GTACGTACGTATATATACCGTACGC,61.0,12207.0
C,CC,1,8,GTACGTACGTATATATACCGTACGC,62.0,4791.0
C,CC,1,9,GTACGTACGTATATATACCGTACGC,53.0,8383.0
C,CC,1,10,GTACGTACGTATATATACCGTACGC,59.0,8622.0
C,CC,2,1,GTACGCCACGTACCATATACGTACG,59.0,11429.0
C,CC,2,2,GTACGCCACGTACCATATACGTACG,54.0,6874.0
C,CC,2,3,GTACGCCACGTACCATATACGTACG,52.0,10826.0
C,CC,2,4,GTACGCCACGTACCATATACGTACG,54.0,10754.0
C,CC,2,5,GTACGCCACGTACCATATACGTACG,58.0,8474.0
C,CC,2,6,GTACGCCACGTACCATATACGTACG,44.0,7534.0
C,CC,2,7,GTACGCCACGTACCATATACGTACG,63.0,14648.0
C,CC,2,8,GTACGCCACGTACCATATACGTACG,53.0,8100.0
C,CC,2,9,GTACGCCACGTACCATATACGTACG,55.0,10534.0
C,CC,2,10,GTACGCCACGTACCATATACGTACG,51.0,9732.0
C,CC,2,1,GTACGCCACGTATATATACCGTACG,61.0,13039.0
C,CC,2,2,GTACGCCACGTATATATACCGTACG,58.0,9267.0
C,CC,2,3,GTACGCCACGTATATATACCGTACG,58.0,9430.0
C,CC,2,4,GTACGCCACGTATATATACCGTACG,57.0,12246.0
C,CC,2,5,GTACGCCACGTATATATACCGTACG,70.0,7408.0
C,CC,2,6,GTACGCCACGTATATATACCGTACG,44.0,8935.0
C,CC,2,7,GTACGCCACGTATATATACCGTACG,69.0,10427.0
C,CC,2,8,GTACGCCACGTATATATACCGTACG,50.0,12061.0
C,CC,2,9,GTACGCCACGTATATATACCGTACG,63.0,8948.0
C,CC,2,10,GTACGCCACGTATATATACCGTACG,55.0,12348.0
C,CC,2,1,GTACGTACGTACCATATACCGTACG,67.0,12229.0
C,CC,2,2,GTACGTACGTACCATATACCGTACG,67.0,16034.0
C,CC,2,3,GTACGTACGTACCATATACCGTACG,68.0,13876.0
C,CC,2,4,GTACGTACGTACCATATACCGTACG,63.0,12722.0
C,CC,2,5,GTACGTACGTACCATATACCGTACG,47.0,10550.0
C,CC,2,6,GTACGTACGTACCATATACCGTACG,57.0,11839.0
C,CC,2,7,GTACGTACGTACCATATACCGTACG,50.0,11050.0
C,CC,2,8,GTACGTACGTACCATATACCGTACG,63.0,15428.0
C,CC,2,9,GTACGTACGTACCATATACCGTACG,60.0,13608.0
C,CC,2,10,GTACGTACGTACCATATACCGTACG,67.0,11398.0
C,CC,3,1,GTACGCCACGTACCATATACCGTAC,48.0,16114.0
C,CC,3,2,GTACGCCACGTACCATATACCGTAC,70.0,17162.0
C,CC,3,3,GTACGCCACGTACCATATACCGTAC,70.0,19182.0
C,CC,3,4,GTACGCCACGTACCATATACCGTAC,58.0,16952.0
C,CC,3,5,GTACGCCACGTACCATATACCGTAC,59.0,16326.0
C,CC,3,6,GTACGCCACGTACCATATACCGTAC,65.0,16731.0
C,CC,3,7,GTACGCCACGTACCATATACCGTAC,71.0,16915.0
C,CC,3,8,GTACGCCACGTACCATATACCGTAC,59.0,18850.0
C,CC,3,9,GTACGCCACGTACCATATACCGTAC,67.0,18477.0
C,CC,3,10,GTACGCCACGTACCATATACCGTAC,70.0,17473.0
C,CT,1,1,GTACGCTACGTATATATACGTACGC,64.0,7274.0
C,CT,1,2,GTACGCTACGTATATATACGTACGC,57.0,4474.0
C,CT,1,3,GTACGCTACGTATATATACGTACGC,73.0,3271.0
C,CT,1,4,GTACGCTACGTATATATACGTACGC,53.0,4376.0
C,CT,1,5,GTACGCTACGTATATATACGTACGC,,5893.0
C,CT,1,6,GTACGCTACGTATATATACGTACGC,58.0,4667.0
C,CT,1,7,GTACGCTACGTATATATACGTACGC,56.0,4855.0
C,CT,1,8,GTACGCTACGTATATATACGTACGC,64.0,3761.0
C,CT,1,9,GTACGCTACGTATATATACGTACGC,55.0,4951.0
C,CT,1,10,GTACGCTACGTATATATACGTACGC,62.0,5179.0
C,CT,1,1,GTACGTACGTACTATATACGTACGC,51.0,6248.0
C,CT,1,2,GTACGTACGTACTATATACGTACGC,43.0,8552.0
C,CT,1,3,GTACGTACGTACTATATACGTACGC,64.0,4893.0
C,CT,1,4,GTACGTACGTACTATATACGTACGC,58.0,4080.0
C,CT,1,5,GTACGTACGTACTATATACGTACGC,58.0,6152.0
C,CT,1,6,GTACGTACGTACTATATACGTACGC,59.0,10663.0
C,CT,1,7,GTACGTACGTACTATATACGTACGC,51.0,4226.0
C,CT,1,8,GTACGTACGTACTATATACGTACGC,75.0,4430.0
C,CT,1,9,GTACGTACGTACTATATACGTACGC,54.0,4276.0
C,CT,1,10,GTACGTACGTACTATATACGTACGC,55.0,8092.0
C,CT,1,1,GTACGTACGTATATATACTGTACGC,57.0,3961.0
C,CT,1,2,GTACGTACGTATATATACTGTACGC,63.0,3592.0
C,CT,1,3,GTACGTACGTATATATACTGTACGC,73.0,6820.0
C,CT,1,4,GTACGTACGTATATATACTGTACGC,66.0,7759.0
C,CT,1,5,GTACGTACGTATATATACTGTACGC,71.0,3388.0
C,CT,1,6,GTACGTACGTATATATACTGTACGC,59.0,5435.0
C,CT,1,7,GTACGTACGTATATATACTGTACGC,64.0,6839.0
C,CT,1,8,GTACGTACGTATATATACTGTACGC,63.0,5119.0
C,CT,1,9,GTACGTACGTATATATACTGTACGC,60.0,6498.0
C,CT,1,10,GTACGTACGTATATATACTGTACGC,63.0,6185.0
C,CT,2,1,GTACGCTACGTACTATATACGTACG,58.0,15853.0
C,CT,2,2,GTACGCTACGTACTATATACGTACG,57.0,8750.0
C,CT,2,3,GTACGCTACGTACTATATACGTACG,,10253.0
C,CT,2,4,GTACGCTACGTACTATATACGTACG,56.0,11345.0
C,CT,2,5,GTACGCTACGTACTATATACGTACG,57.0,4678.0
C,CT,2,6,GTACGCTACGTACTATATACGTACG,62.0,14323.0
C,CT,2,7,GTACGCTACGTACTATATACGTACG,53.0,6323.0
C,CT,2,8,GTACGCTACGTACTATATACGTACG,56.0,14827.0
C,CT,2,9,GTACGCTACGTACTATATACGTACG,67.0,13310.0
C,CT,2,10,GTACGCTACGTACTATATACGTACG,59.0,6499.0
C,CT,2,1,GTACGCTACGTATATATACTGTACG,61.0,7555.0
C,CT,2,2,GTACGCTACGTATATATACTGTACG,58.0,7916.0
C,CT,2,3,GTACGCTACGTATATATACTGTACG,70.0,3894.0
C,CT,2,4,GTACGCTACGTATATATACTGTACG,56.0,6612.0
C,CT,2,5,GTACGCTACGTATATATACTGTACG,66.0,5128.0
C,CT,2,6,GTACGCTACGTATATATACTGTACG,61.0,11167.0
C,CT,2,7,GTACGCTACGTATATATACTGTACG,77.0,6116.0
C,CT,2,8,GTACGCTACGTATATATACTGTACG,66.0,4928.0
C,CT,2,9,GTACGCTACGTATATATACTGTACG,61.0,6829.0
C,CT,2,10,GTACGCTACGTATATATACTGTACG,49.0,4866.0
C,CT,2,1,GTACGTACGTACTATATACTGTACG,70.0,6243.0
C,CT,2,2,GTACGTACGTACTATATACTGTACG,49.0,6668.0
C,CT,2,3,GTACGTACGTACTATATACTGTACG,56.0,11398.0
C,CT,2,4,GTACGTACGTACTATATACTGTACG,58.0,5483.0
C,CT,2,5,GTACGTACGTACTATATACTGTACG,62.0,7405.0
C,CT,2,6,GTACGTACGTACTATATACTGTACG,48.0,9273.0
C,CT,2,7,GTACGTACGTACTATATACTGTACG,50.0,9880.0
C,CT,2,8,GTACGTACGTACTATATACTGTACG,60.0,7188.0
C,CT,2,9,GTACGTACGTACTATATACTGTACG,68.0,7344.0
C,CT,2,10,GTACGTACGTACTATATACTGTACG,66.0,9015.0
C,CT,3,1,GTACGCTACGTACTATATACTGTAC,61.0,9669.0
C,CT,3,2,GTACGCTACGTACTATATACTGTAC,59.0,6972.0
C,CT,3,3,GTACGCTACGTACTATATACTGTAC,55.0,10639.0
C,CT,3,4,GTACGCTACGTACTATATACTGTAC,68.0,8660.0
C,CT,3,5,GTACGCTACGTACTATATACTGTAC,59.0,15369.0
C,CT,3,6,GTACGCTACGTACTATATACTGTAC,,11816.0
C,CT,3,7,GTACGCTACGTACTATATACTGTAC,55.0,8869.0
C,CT,3,8,GTACGCTACGTACTATATACTGTAC,50.0,8826.0
C,CT,3,9,GTACGCTACGTACTATATACTGTAC,74.0,8314.0
C,CT,3,10,GTACGCTACGTACTATATACTGTAC,58.0,
C,No_PyDi,0,1,GTACGTACGTATATATACGTACGTA,48.0,4408.0
C,No_PyDi,0,2,GTACGTACGTATATATACGTACGTA,69.0,4346.0
C,No_PyDi,0,3,GTACGTACGTATATATACGTACGTA,60.0,5819.0
C,No_PyDi,0,4,GTACGTACGTATATATACGTACGTA,51.0,5156.0
C,No_PyDi,0,5,GTACGTACGTATATATACGTACGTA,50.0,3039.0
C,No_PyDi,0,6,GTACGTACGTATATATACGTACGTA,59.0,4934.0
C,No_PyDi,0,7,GTACGTACGTATATATACGTACGTA,53.0,5713.0
C,No_PyDi,0,8,GTACGTACGTATATATACGTACGTA,72.0,10611.0
C,No_PyDi,0,9,GTACGTACGTATATATACGTACGTA,48.0,1876.0
C,No_PyDi,0,10,GTACGTACGTATATATACGTACGTA,46.0,3580.0
C,TC,1,1,GTACGTACGTATATATATCGTACGC,56.0,23975.0
C,TC,1,2,GTACGTACGTATATATATCGTACGC,57.0,23773.0
C,TC,1,3,GTACGTACGTATATATATCGTACGC,60.0,27234.0
C,TC,1,4,GTACGTACGTATATATATCGTACGC,64.0,
C,TC,1,5,GTACGTACGTATATATATCGTACGC,64.0,23627.0
C,TC,1,6,GTACGTACGTATATATATCGTACGC,57.0,18423.0
C,TC,1,7,GTACGTACGTATATATATCGTACGC,60.0,26300.0
C,TC,1,8,GTACGTACGTATATATATCGTACGC,53.0,18296.0
C,TC,1,9,GTACGTACGTATATATATCGTACGC,59.0,20776.0
C,TC,1,10,GTACGTACGTATATATATCGTACGC,66.0,21229.0
C,TC,1,1,GTACGTACGTATCATATACGTACGC,63.0,28597.0
C,TC,1,2,GTACGTACGTATCATATACGTACGC,51.0,27730.0
C,TC,1,3,GTACGTACGTATCATATACGTACGC,47.0,23319.0
C,TC,1,4,GTACGTACGTATCATATACGTACGC,57.0,23735.0
C,TC,1,5,GTACGTACGTATCATATACGTACGC,61.0,12005.0
C,TC,1,6,GTACGTACGTATCATATACGTACGC,54.0,23557.0
C,TC,1,7,GTACGTACGTATCATATACGTACGC,60.0,19159.0
C,TC,1,8,GTACGTACGTATCATATACGTACGC,70.0,23431.0
C,TC,1,9,GTACGTACGTATCATATACGTACGC,67.0,24285.0
C,TC,1,10,GTACGTACGTATCATATACGTACGC,66.0,38477.0
C,TC,1,1,GTACGTCACGTATATATACGTACGC,56.0,10096.0
C,TC,1,2,GTACGTCACGTATATATACGTACGC,64.0,8129.0
C,TC,1,3,GTACGTCACGTATATATACGTACGC,69.0,8169.0
C,TC,1,4,GTACGTCACGTATATATACGTACGC,69.0,11284.0
C,TC,1,5,GTACGTCACGTATATATACGTACGC,66.0,11483.0
C,TC,1,6,GTACGTCACGTATATATACGTACGC,66.0,9825.0
C,TC,1,7,GTACGTCACGTATATATACGTACGC,53.0,12155.0
C,TC,1,8,GTACGTCACGTATATATACGTACGC,54.0,10739.0
C,TC,1,9,GTACGTCACGTATATATACGTACGC,57.0,9916.0
C,TC,1,10,GTACGTCACGTATATATACGTACGC,65.0,10436.0
C,TC,2,1,GTACGTACGTATCATATATCGTACG,64.0,65535.0
C,TC,2,2,GTACGTACGTATCATATATCGTACG,61.0,65535.0
C,TC,2,3,GTACGTACGTATCATATATCGTACG,56.0,65535.0
C,TC,2,4,GTACGTACGTATCATATATCGTACG,61.0,65535.0
C,TC,2,5,GTACGTACGTATCATATATCGTACG,61.0,65535.0
C,TC,2,6,GTACGTACGTATCATATATCGTACG,52.0,65535.0
C,TC,2,7,GTACGTACGTATCATATATCGTACG,55.0,65535.0
C,TC,2,8,GTACGTACGTATCATATATCGTACG,83.0,65535.0
C,TC,2,9,GTACGTACGTATCATATATCGTACG,72.0,65535.0
C,TC,2,10,GTACGTACGTATCATATATCGTACG,57.0,65535.0
C,TC,2,1,GTACGTCACGTATATATATCGTACG,62.0,26292.0
C,TC,2,2,GTACGTCACGTATATATATCGTACG,59.0,30413.0
C,TC,2,3,GTACGTCACGTATATATATCGTACG,58.0,30698.0
C,TC,2,4,GTACGTCACGTATATATATCGTACG,58.0,23637.0
C,TC,2,5,GTACGTCACGTATATATATCGTACG,63.0,30015.0
C,TC,2,6,GTACGTCACGTATATATATCGTACG,67.0,28116.0
C,TC,2,7,GTACGTCACGTATATATATCGTACG,65.0,42290.0
C,TC,2,8,GTACGTCACGTATATATATCGTACG,56.0,26394.0
C,TC,2,9,GTACGTCACGTATATATATCGTACG,63.0,34721.0
C,TC,2,10,GTACGTCACGTATATATATCGTACG,60.0,31185.0
C,TC,2,1,GTACGTCACGTATCATATACGTACG,49.0,43018.0
C,TC,2,2,GTACGTCACGTATCATATACGTACG,46.0,40585.0
C,TC,2,3,GTACGTCACGTATCATATACGTACG,51.0,46950.0
C,TC,2,4,GTACGTCACGTATCATATACGTACG,59.0,39834.0
C,TC,2,5,GTACGTCACGTATCATATACGTACG,46.0,37768.0
C,TC,2,6,GTACGTCACGTATCATATACGTACG,52.0,38390.0
C,TC,2,7,GTACGTCACGTATCATATACGTACG,46.0,34497.0
C,TC,2,8,GTACGTCACGTATCATATACGTACG,61.0,39893.0
C,TC,2,9,GTACGTCACGTATCATATACGTACG,57.0,37287.0
C,TC,2,10,GTACGTCACGTATCATATACGTACG,54.0,42063.0
C,TC,3,1,GTACGTCACGTATCATATATCGTAC,65.0,65535.0
C,TC,3,2,GTACGTCACGTATCATATATCGTAC,65.0,65535.0
C,TC,3,3,GTACGTCACGTATCATATATCGTAC,68.0,65535.0
C,TC,3,4,GTACGTCACGTATCATATATCGTAC,64.0,65535.0
C,TC,3,5,GTACGTCACGTATCATATATCGTAC,66.0,65535.0
C,TC,3,6,GTACGTCACGTATCATATATCGTAC,65.0,65535.0
C,TC,3,7,GTACGTCACGTATCATATATCGTAC,51.0,65535.0
C,TC,3,8,GTACGTCACGTATCATATATCGTAC,54.0,65535.0
C,TC,3,9,GTACGTCACGTATCATATATCGTAC,59.0,34334.0
C,TC,3,10,GTACGTCACGTATCATATATCGTAC,60.0,65535.0
C,TT,1,1,GTACGTACGTATATATATTGTACGC,61.0,13376.0
C,TT,1,2,GTACGTACGTATATATATTGTACGC,63.0,13843.0
C,TT,1,3,GTACGTACGTATATATATTGTACGC,47.0,13504.0
C,TT,1,4,GTACGTACGTATATATATTGTACGC,62.0,11031.0
C,TT,1,5,GTACGTACGTATATATATTGTACGC,57.0,15303.0
C,TT,1,6,GTACGTACGTATATATATTGTACGC,54.0,17406.0
C,TT,1,7,GTACGTACGTATATATATTGTACGC,52.0,13234.0
C,TT,1,8,GTACGTACGTATATATATTGTACGC,56.0,15181.0
C,TT,1,9,GTACGTACGTATATATATTGTACGC,67.0,12116.0
C,TT,1,10,GTACGTACGTATATATATTGTACGC,60.0,10787.0
C,TT,1,1,GTACGTACGTATTATATACGTACGC,58.0,14148.0
C,TT,1,2,GTACGTACGTATTATATACGTACGC,56.0,19056.0
C,TT,1,3,GTACGTACGTATTATATACGTACGC,58.0,16849.0
C,TT,1,4,GTACGTACGTATTATATACGTACGC,59.0,15215.0
C,TT,1,5,GTACGTACGTATTATATACGTACGC,66.0,
C,TT,1,6,GTACGTACGTATTATATACGTACGC,68.0,14793.0
C,TT,1,7,GTACGTACGTATTATATACGTACGC,59.0,15671.0
C,TT,1,8,GTACGTACGTATTATATACGTACGC,75.0,14313.0
C,TT,1,9,GTACGTACGTATTATATACGTACGC,67.0,14421.0
C,TT,1,10,GTACGTACGTATTATATACGTACGC,57.0,17182.0
C,TT,1,1,GTACGTTACGTATATATACGTACGC,67.0,9286.0
C,TT,1,2,GTACGTTACGTATATATACGTACGC,55.0,8139.0
C,TT,1,3,GTACGTTACGTATATATACGTACGC,55.0,9671.0
C,TT,1,4,GTACGTTACGTATATATACGTACGC,60.0,7580.0
C,TT,1,5,GTACGTTACGTATATATACGTACGC,61.0,7638.0
C,TT,1,6,GTACGTTACGTATATATACGTACGC,52.0,12120.0
C,TT,1,7,GTACGTTACGTATATATACGTACGC,60.0,5646.0
C,TT,1,8,GTACGTTACGTATATATACGTACGC,61.0,7970.0
C,TT,1,9,GTACGTTACGTATATATACGTACGC,74.0,9956.0
C,TT,1,10,GTACGTTACGTATATATACGTACGC,57.0,7622.0
C,TT,2,1,GTACGTACGTATTATATATTGTACG,58.0,32129.0
C,TT,2,2,GTACGTACGTATTATATATTGTACG,61.0,26960.0
C,TT,2,3,GTACGTACGTATTATATATTGTACG,59.0,27807.0
C,TT,2,4,GTACGTACGTATTATATATTGTACG,62.0,30257.0
C,TT,2,5,GTACGTACGTATTATATATTGTACG,71.0,30964.0
C,TT,2,6,GTACGTACGTATTATATATTGTACG,77.0,65535.0
C,TT,2,7,GTACGTACGTATTATATATTGTACG,73.0,40101.0
C,TT,2,8,GTACGTACGTATTATATATTGTACG,,27820.0
C,TT,2,9,GTACGTACGTATTATATATTGTACG,57.0,27954.0
C,TT,2,10,GTACGTACGTATTATATATTGTACG,70.0,28755.0
C,TT,2,1,GTACGTTACGTATATATATTGTACG,64.0,18904.0
C,TT,2,2,GTACGTTACGTATATATATTGTACG,66.0,20188.0
C,TT,2,3,GTACGTTACGTATATATATTGTACG,56.0,17674.0
C,TT,2,4,GTACGTTACGTATATATATTGTACG,52.0,15067.0
C,TT,2,5,GTACGTTACGTATATATATTGTACG,61.0,14691.0
C,TT,2,6,GTACGTTACGTATATATATTGTACG,73.0,26140.0
C,TT,2,7,GTACGTTACGTATATATATTGTACG,67.0,19954.0
C,TT,2,8,GTACGTTACGTATATATATTGTACG,69.0,16413.0
C,TT,2,9,GTACGTTACGTATATATATTGTACG,57.0,17518.0
C,TT,2,10,GTACGTTACGTATATATATTGTACG,60.0,17663.0
C,TT,2,1,GTACGTTACGTATTATATACGTACG,71.0,19130.0
C,TT,2,2,GTACGTTACGTATTATATACGTACG,62.0,21488.0
C,TT,2,3,GTACGTTACGTATTATATACGTACG,60.0,21491.0
C,TT,2,4,GTACGTTACGTATTATATACGTACG,44.0,
C,TT,2,5,GTACGTTACGTATTATATACGTACG,,18492.0
C,TT,2,6,GTACGTTACGTATTATATACGTACG,67.0,20515.0
C,TT,2,7,GTACGTTACGTATTATATACGTACG,62.0,21025.0
C,TT,2,8,GTACGTTACGTATTATATACGTACG,52.0,19860.0
C,TT,2,9,GTACGTTACGTATTATATACGTACG,60.0,18657.0
C,TT,2,10,GTACGTTACGTATTATATACGTACG,75.0,20587.0
C,TT,3,1,GTACGTTACGTATTATATATTGTAC,53.0,44093.0
C,TT,3,2,GTACGTTACGTATTATATATTGTAC,70.0,48964.0
C,TT,3,3,GTACGTTACGTATTATATATTGTAC,64.0,65535.0
C,TT,3,4,GTACGTTACGTATTATATATTGTAC,88.0,49002.0
C,TT,3,5,GTACGTTACGTATTATATATTGTAC,71.0,39679.0
C,TT,3,6,GTACGTTACGTATTATATATTGTAC,69.0,56720.0
C,TT,3,7,GTACGTTACGTATTATATATTGTAC,71.0,41077.0
C,TT,3,8,GTACGTTACGTATTATATATTGTAC,63.0,34201.0
C,TT,3,9,GTACGTTACGTATTATATATTGTAC,73.0,52494.0
C,TT,3,10,GTACGTTACGTATTATATATTGTAC,67.0,49205.0
