Sequence_Set,Group,Count,Sequence_Replicate,Sequence,CPD_UV
B,CC,0,1,ACGCACATGTGTACACATGTGCGTA,1749
B,CC,0,2,ACGCACATGTGTACACATGTGCGTA,1256
B,CC,0,3,ACGCACATGTGTACACATGTGCGTA,4435
B,CC,0,4,ACGCACATGTGTACACATGTGCGTA,2083
B,CC,0,5,ACGCACATGTGTACACATGTGCGTA,2119
B,CC,0,6,ACGCACATGTGTACACATGTGCGTA,674
B,CC,0,7,ACGCACATGTGTACACATGTGCGTA,3623
B,CC,0,8,ACGCACATGTGTACACATGTGCGTA,2087
B,CC,0,9,ACGCACATGTGTACACATGTGCGTA,2823
B,CC,0,10,ACGCACATGTGTACACATGTGCGTA,3261
B,CC,1,1,ACGCACATGTGCCACACATGTGCGC,1942
B,CC,1,2,ACGCACATGTGCCACACATGTGCGC,1952
B,CC,1,3,ACGCACATGTGCCACACATGTGCGC,3269
B,CC,1,4,ACGCACATGTGCCACACATGTGCGC,2471
B,CC,1,5,ACGCACATGTGCCACACATGTGCGC,706
B,CC,1,6,ACGCACATGTGCCACACATGTGCGC,2474
B,CC,1,7,ACGCACATGTGCCACACATGTGCGC,2432
B,CC,1,8,ACGCACATGTGCCACACATGTGCGC,3286
B,CC,1,9,ACGCACATGTGCCACACATGTGCGC,1666
B,CC,1,10,ACGCACATGTGCCACACATGTGCGC,1624
B,CC,1,1,ACGCACATGTGTACACACCGTGCGC,2455
B,CC,1,2,ACGCACATGTGTACACACCGTGCGC,2309
B,CC,1,3,ACGCACATGTGTACACACCGTGCGC,3490
B,CC,1,4,ACGCACATGTGTACACACCGTGCGC,2367
B,CC,1,5,ACGCACATGTGTACACACCGTGCGC,1935
B,CC,1,6,ACGCACATGTGTACACACCGTGCGC,2885
B,CC,1,7,ACGCACATGTGTACACACCGTGCGC,5790
B,CC,1,8,ACGCACATGTGTACACACCGTGCGC,2633
B,CC,1,9,ACGCACATGTGTACACACCGTGCGC,2518
B,CC,1,10,ACGCACATGTGTACACACCGTGCGC,3355
B,CC,1,1,ACGCACCATGTGTACACATGTGCGC,3975
B,CC,1,2,ACGCACCATGTGTACACATGTGCGC,1799
B,CC,1,3,ACGCACCATGTGTACACATGTGCGC,4711
B,CC,1,4,ACGCACCATGTGTACACATGTGCGC,2395
B,CC,1,5,ACGCACCATGTGTACACATGTGCGC,3874
B,CC,1,6,ACGCACCATGTGTACACATGTGCGC,2730
B,CC,1,7,ACGCACCATGTGTACACATGTGCGC,4152
B,CC,1,8,ACGCACCATGTGTACACATGTGCGC,3524
B,CC,1,9,ACGCACCATGTGTACACATGTGCGC,4826
B,CC,1,10,ACGCACCATGTGTACACATGTGCGC,1794
B,CC,2,1,ACGCACATGTGCCACACACCGTGCG,870
B,CC,2,2,ACGCACATGTGCCACACACCGTGCG,2689
B,CC,2,3,ACGCACATGTGCCACACACCGTGCG,1198
B,CC,2,4,ACGCACATGTGCCACACACCGTGCG,2585
B,CC,2,5,ACGCACATGTGCCACACACCGTGCG,2182
B,CC,2,6,ACGCACATGTGCCACACACCGTGCG,2004
B,CC,2,7,ACGCACATGTGCCACACACCGTGCG,3460
B,CC,2,8,ACGCACATGTGCCACACACCGTGCG,2083
B,CC,2,9,ACGCACATGTGCCACACACCGTGCG,2781
B,CC,2,10,ACGCACATGTGCCACACACCGTGCG,2715
B,CC,2,1,ACGCACCATGTGCCACACATGTGCG,2721
B,CC,2,2,ACGCACCATGTGCCACACATGTGCG,2435
B,CC,2,3,ACGCACCATGTGCCACACATGTGCG,1399
B,CC,2,4,ACGCACCATGTGCCACACATGTGCG,1755
B,CC,2,5,ACGCACCATGTGCCACACATGTGCG,1739
B,CC,2,6,ACGCACCATGTGCCACACATGTGCG,1106
B,CC,2,7,ACGCACCATGTGCCACACATGTGCG,959
B,CC,2,8,ACGCACCATGTGCCACACATGTGCG,2664
B,CC,2,9,ACGCACCATGTGCCACACATGTGCG,783
B,CC,2,10,ACGCACCATGTGCCACACATGTGCG,2004
B,CC,2,1,ACGCACCATGTGTACACACCGTGCG,1952
B,CC,2,2,ACGCACCATGTGTACACACCGTGCG,1360
B,CC,2,3,ACGCACCATGTGTACACACCGTGCG,4638
B,CC,2,4,ACGCACCATGTGTACACACCGTGCG,2713
B,CC,2,5,ACGCACCATGTGTACACACCGTGCG,1775
B,CC,2,6,ACGCACCATGTGTACACACCGTGCG,1583
B,CC,2,7,ACGCACCATGTGTACACACCGTGCG,1043
B,CC,2,8,ACGCACCATGTGTACACACCGTGCG,2246
B,CC,2,9,ACGCACCATGTGTACACACCGTGCG,2396
B,CC,2,10,ACGCACCATGTGTACACACCGTGCG,1944
B,CC,3,1,ACGCACCATGTGCCACACACCGTGC,1149
B,CC,3,2,ACGCACCATGTGCCACACACCGTGC,1300
B,CC,3,3,ACGCACCATGTGCCACACACCGTGC,2216
B,CC,3,4,ACGCACCATGTGCCACACACCGTGC,2167
B,CC,3,5,ACGCACCATGTGCCACACACCGTGC,3387
B,CC,3,6,ACGCACCATGTGCCACACACCGTGC,3493
B,CC,3,7,ACGCACCATGTGCCACACACCGTGC,2147
B,CC,3,8,ACGCACCATGTGCCACACACCGTGC,2129
B,CC,3,9,ACGCACCATGTGCCACACACCGTGC,4128
B,CC,3,10,ACGCACCATGTGCCACACACCGTGC,2617
