Sequence_Set,Group,Count,Sequence_Replicate,Sequence,UVDDB_r2
A,TC,0,1,GTATGTACGCACGTGCGTACATACG,25626
A,TC,0,2,GTATGTACGCACGTGCGTACATACG,21635
A,TC,0,3,GTATGTACGCACGTGCGTACATACG,17311
A,TC,0,4,GTATGTACGCACGTGCGTACATACG,16956
A,TC,0,5,GTATGTACGCACGTGCGTACATACG,21620
A,TC,0,6,GTATGTACGCACGTGCGTACATACG,20862
A,TC,0,7,GTATGTACGCACGTGCGTACATACG,18339
A,TC,0,8,GTATGTACGCACGTGCGTACATACG,24442
A,TC,0,9,GTATGTACGCACGTGCGTACATACG,20578
A,TC,0,10,GTATGTACGCACGTGCGTACATACG,18526
A,TC,1,1,GTATGTACGCACGTGCGTCACATAC,35780
A,TC,1,2,GTATGTACGCACGTGCGTCACATAC,29516
A,TC,1,3,GTATGTACGCACGTGCGTCACATAC,28293
A,TC,1,4,GTATGTACGCACGTGCGTCACATAC,31854
A,TC,1,5,GTATGTACGCACGTGCGTCACATAC,30767
A,TC,1,6,GTATGTACGCACGTGCGTCACATAC,28250
A,TC,1,7,GTATGTACGCACGTGCGTCACATAC,32221
A,TC,1,8,GTATGTACGCACGTGCGTCACATAC,29492
A,TC,1,9,GTATGTACGCACGTGCGTCACATAC,29625
A,TC,1,10,GTATGTACGCACGTGCGTCACATAC,29858
A,TC,1,1,GTATGTACGCATCGTGCGTACATAC,33634
A,TC,1,2,GTATGTACGCATCGTGCGTACATAC,28961
A,TC,1,3,GTATGTACGCATCGTGCGTACATAC,35037
A,TC,1,4,GTATGTACGCATCGTGCGTACATAC,35184
A,TC,1,5,GTATGTACGCATCGTGCGTACATAC,39062
A,TC,1,6,GTATGTACGCATCGTGCGTACATAC,32789
A,TC,1,7,GTATGTACGCATCGTGCGTACATAC,34835
A,TC,1,8,GTATGTACGCATCGTGCGTACATAC,30431
A,TC,1,9,GTATGTACGCATCGTGCGTACATAC,37466
A,TC,1,10,GTATGTACGCATCGTGCGTACATAC,31355
A,TC,1,1,GTATGTCACGCACGTGCGTACATAC,36963
A,TC,1,2,GTATGTCACGCACGTGCGTACATAC,39772
A,TC,1,3,GTATGTCACGCACGTGCGTACATAC,31629
A,TC,1,4,GTATGTCACGCACGTGCGTACATAC,35668
A,TC,1,5,GTATGTCACGCACGTGCGTACATAC,36248
A,TC,1,6,GTATGTCACGCACGTGCGTACATAC,31693
A,TC,1,7,GTATGTCACGCACGTGCGTACATAC,39545
A,TC,1,8,GTATGTCACGCACGTGCGTACATAC,35467
A,TC,1,9,GTATGTCACGCACGTGCGTACATAC,26434
A,TC,1,10,GTATGTCACGCACGTGCGTACATAC,40026
A,TC,2,1,GTATGTACGCATCGTGCGTCACATA,33870
A,TC,2,2,GTATGTACGCATCGTGCGTCACATA,37593
A,TC,2,3,GTATGTACGCATCGTGCGTCACATA,37270
A,TC,2,4,GTATGTACGCATCGTGCGTCACATA,40989
A,TC,2,5,GTATGTACGCATCGTGCGTCACATA,36118
A,TC,2,6,GTATGTACGCATCGTGCGTCACATA,40611
A,TC,2,7,GTATGTACGCATCGTGCGTCACATA,31682
A,TC,2,8,GTATGTACGCATCGTGCGTCACATA,31038
A,TC,2,9,GTATGTACGCATCGTGCGTCACATA,39903
A,TC,2,10,GTATGTACGCATCGTGCGTCACATA,40170
A,TC,2,1,GTATGTCACGCACGTGCGTCACATA,23352
A,TC,2,2,GTATGTCACGCACGTGCGTCACATA,32923
A,TC,2,3,GTATGTCACGCACGTGCGTCACATA,41011
A,TC,2,4,GTATGTCACGCACGTGCGTCACATA,32646
A,TC,2,5,GTATGTCACGCACGTGCGTCACATA,38835
A,TC,2,7,GTATGTCACGCACGTGCGTCACATA,29036
A,TC,2,8,GTATGTCACGCACGTGCGTCACATA,40853
A,TC,2,9,GTATGTCACGCACGTGCGTCACATA,36017
A,TC,2,10,GTATGTCACGCACGTGCGTCACATA,35315
A,TC,2,1,GTATGTCACGCATCGTGCGTACATA,37816
A,TC,2,2,GTATGTCACGCATCGTGCGTACATA,34636
A,TC,2,3,GTATGTCACGCATCGTGCGTACATA,38915
A,TC,2,4,GTATGTCACGCATCGTGCGTACATA,34570
A,TC,2,5,GTATGTCACGCATCGTGCGTACATA,38063
A,TC,2,6,GTATGTCACGCATCGTGCGTACATA,35573
A,TC,2,7,GTATGTCACGCATCGTGCGTACATA,34972
A,TC,2,8,GTATGTCACGCATCGTGCGTACATA,31093
A,TC,2,9,GTATGTCACGCATCGTGCGTACATA,37864
A,TC,2,10,GTATGTCACGCATCGTGCGTACATA,38358
A,TC,3,1,GTATGTCACGCATCGTGCGTCACAC,44739
A,TC,3,2,GTATGTCACGCATCGTGCGTCACAC,35444
A,TC,3,3,GTATGTCACGCATCGTGCGTCACAC,32840
A,TC,3,4,GTATGTCACGCATCGTGCGTCACAC,36885
A,TC,3,5,GTATGTCACGCATCGTGCGTCACAC,46937
A,TC,3,6,GTATGTCACGCATCGTGCGTCACAC,45447
A,TC,3,7,GTATGTCACGCATCGTGCGTCACAC,39815
A,TC,3,8,GTATGTCACGCATCGTGCGTCACAC,36816
A,TC,3,9,GTATGTCACGCATCGTGCGTCACAC,40578
A,TC,3,10,GTATGTCACGCATCGTGCGTCACAC,36264
