Sequence_Set,Group,Count,Sequence_Replicate,Sequence,SixFour_UV
C,TC,0,1,GTACGTACGTATATATACGTACGTA,4408
C,TC,0,2,GTACGTACGTATATATACGTACGTA,4346
C,TC,0,3,GTACGTACGTATATATACGTACGTA,5819
C,TC,0,4,GTACGTACGTATATATACGTACGTA,5156
C,TC,0,5,GTACGTACGTATATATACGTACGTA,3039
C,TC,0,6,GTACGTACGTATATATACGTACGTA,4934
C,TC,0,7,GTACGTACGTATATATACGTACGTA,5713
C,TC,0,8,GTACGTACGTATATATACGTACGTA,10611
C,TC,0,9,GTACGTACGTATATATACGTACGTA,1876
C,TC,0,10,GTACGTACGTATATATACGTACGTA,3580
C,TC,1,1,GTACGTACGTATATATATCGTACGC,23975
C,TC,1,2,GTACGTACGTATATATATCGTACGC,23773
C,TC,1,3,GTACGTACGTATATATATCGTACGC,27234
C,TC,1,5,GTACGTACGTATATATATCGTACGC,23627
C,TC,1,6,GTACGTACGTATATATATCGTACGC,18423
C,TC,1,7,GTACGTACGTATATATATCGTACGC,26300
C,TC,1,8,GTACGTACGTATATATATCGTACGC,18296
C,TC,1,9,GTACGTACGTATATATATCGTACGC,20776
C,TC,1,10,GTACGTACGTATATATATCGTACGC,21229
C,TC,1,1,GTACGTACGTATCATATACGTACGC,28597
C,TC,1,2,GTACGTACGTATCATATACGTACGC,27730
C,TC,1,3,GTACGTACGTATCATATACGTACGC,23319
C,TC,1,4,GTACGTACGTATCATATACGTACGC,23735
C,TC,1,5,GTACGTACGTATCATATACGTACGC,12005
C,TC,1,6,GTACGTACGTATCATATACGTACGC,23557
C,TC,1,7,GTACGTACGTATCATATACGTACGC,19159
C,TC,1,8,GTACGTACGTATCATATACGTACGC,23431
C,TC,1,9,GTACGTACGTATCATATACGTACGC,24285
C,TC,1,10,GTACGTACGTATCATATACGTACGC,38477
C,TC,1,1,GTACGTCACGTATATATACGTACGC,10096
C,TC,1,2,GTACGTCACGTATATATACGTACGC,8129
C,TC,1,3,GTACGTCACGTATATATACGTACGC,8169
C,TC,1,4,GTACGTCACGTATATATACGTACGC,11284
C,TC,1,5,GTACGTCACGTATATATACGTACGC,11483
C,TC,1,6,GTACGTCACGTATATATACGTACGC,9825
C,TC,1,7,GTACGTCACGTATATATACGTACGC,12155
C,TC,1,8,GTACGTCACGTATATATACGTACGC,10739
C,TC,1,9,GTACGTCACGTATATATACGTACGC,9916
C,TC,1,10,GTACGTCACGTATATATACGTACGC,10436
C,TC,2,1,GTACGTACGTATCATATATCGTACG,65535
C,TC,2,2,GTACGTACGTATCATATATCGTACG,65535
C,TC,2,3,GTACGTACGTATCATATATCGTACG,65535
C,TC,2,4,GTACGTACGTATCATATATCGTACG,65535
C,TC,2,5,GTACGTACGTATCATATATCGTACG,65535
C,TC,2,6,GTACGTACGTATCATATATCGTACG,65535
C,TC,2,7,GTACGTACGTATCATATATCGTACG,65535
C,TC,2,8,GTACGTACGTATCATATATCGTACG,65535
C,TC,2,9,GTACGTACGTATCATATATCGTACG,65535
C,TC,2,10,GTACGTACGTATCATATATCGTACG,65535
C,TC,2,1,GTACGTCACGTATATATATCGTACG,26292
C,TC,2,2,GTACGTCACGTATATATATCGTACG,30413
C,TC,2,3,GTACGTCACGTATATATATCGTACG,30698
C,TC,2,4,GTACGTCACGTATATATATCGTACG,23637
C,TC,2,5,GTACGTCACGTATATATATCGTACG,30015
C,TC,2,6,GTACGTCACGTATATATATCGTACG,28116
C,TC,2,7,GTACGTCACGTATATATATCGTACG,42290
C,TC,2,8,GTACGTCACGTATATATATCGTACG,26394
C,TC,2,9,GTACGTCACGTATATATATCGTACG,34721
C,TC,2,10,GTACGTCACGTATATATATCGTACG,31185
C,TC,2,1,GTACGTCACGTATCATATACGTACG,43018
C,TC,2,2,GTACGTCACGTATCATATACGTACG,40585
C,TC,2,3,GTACGTCACGTATCATATACGTACG,46950
C,TC,2,4,GTACGTCACGTATCATATACGTACG,39834
C,TC,2,5,GTACGTCACGTATCATATACGTACG,37768
C,TC,2,6,GTACGTCACGTATCATATACGTACG,38390
C,TC,2,7,GTACGTCACGTATCATATACGTACG,34497
C,TC,2,8,GTACGTCACGTATCATATACGTACG,39893
C,TC,2,9,GTACGTCACGTATCATATACGTACG,37287
C,TC,2,10,GTACGTCACGTATCATATACGTACG,42063
C,TC,3,1,GTACGTCACGTATCATATATCGTAC,65535
C,TC,3,2,GTACGTCACGTATCATATATCGTAC,65535
C,TC,3,3,GTACGTCACGTATCATATATCGTAC,65535
C,TC,3,4,GTACGTCACGTATCATATATCGTAC,65535
C,TC,3,5,GTACGTCACGTATCATATATCGTAC,65535
C,TC,3,6,GTACGTCACGTATCATATATCGTAC,65535
C,TC,3,7,GTACGTCACGTATCATATATCGTAC,65535
C,TC,3,8,GTACGTCACGTATCATATATCGTAC,65535
C,TC,3,9,GTACGTCACGTATCATATATCGTAC,34334
C,TC,3,10,GTACGTCACGTATCATATATCGTAC,65535
