Sequence_Set,Group,Count,Sequence_Replicate,Sequence,UVDDB_NUVr1,UVDDB_NUVr2,UVDDB_r1,UVDDB_r2
A,CC,1,1,GTATGCCACGCACGTGCGTACATAC,514.0,553.0,34484.0,27302.0
A,CC,1,2,GTATGCCACGCACGTGCGTACATAC,473.0,529.0,32173.0,30686.0
A,CC,1,3,GTATGCCACGCACGTGCGTACATAC,454.0,428.0,41054.0,31244.0
A,CC,1,4,GTATGCCACGCACGTGCGTACATAC,557.0,514.0,29169.0,33302.0
A,CC,1,5,GTATGCCACGCACGTGCGTACATAC,531.0,522.0,21175.0,32071.0
A,CC,1,6,GTATGCCACGCACGTGCGTACATAC,815.0,489.0,25864.0,28063.0
A,CC,1,7,GTATGCCACGCACGTGCGTACATAC,617.0,510.0,32721.0,36050.0
A,CC,1,8,GTATGCCACGCACGTGCGTACATAC,459.0,553.0,31747.0,28779.0
A,CC,1,9,GTATGCCACGCACGTGCGTACATAC,582.0,448.0,30467.0,28631.0
A,CC,1,10,GTATGCCACGCACGTGCGTACATAC,541.0,478.0,35285.0,32968.0
A,CC,1,1,GTATGTACGCACCGTGCGTACATAC,611.0,558.0,30412.0,21734.0
A,CC,1,2,GTATGTACGCACCGTGCGTACATAC,662.0,491.0,25642.0,22706.0
A,CC,1,3,GTATGTACGCACCGTGCGTACATAC,633.0,540.0,28199.0,35123.0
A,CC,1,4,GTATGTACGCACCGTGCGTACATAC,655.0,551.0,23039.0,26560.0
A,CC,1,5,GTATGTACGCACCGTGCGTACATAC,518.0,536.0,23422.0,18711.0
A,CC,1,6,GTATGTACGCACCGTGCGTACATAC,584.0,620.0,32293.0,24563.0
A,CC,1,7,GTATGTACGCACCGTGCGTACATAC,727.0,525.0,21733.0,26160.0
A,CC,1,8,GTATGTACGCACCGTGCGTACATAC,539.0,529.0,25605.0,19667.0
A,CC,1,9,GTATGTACGCACCGTGCGTACATAC,1115.0,531.0,22775.0,27096.0
A,CC,1,10,GTATGTACGCACCGTGCGTACATAC,447.0,520.0,26167.0,19992.0
A,CC,1,1,GTATGTACGCACGTGCGCCACATAC,592.0,533.0,23854.0,25163.0
A,CC,1,2,GTATGTACGCACGTGCGCCACATAC,981.0,575.0,20361.0,18521.0
A,CC,1,3,GTATGTACGCACGTGCGCCACATAC,1007.0,451.0,20733.0,19740.0
A,CC,1,4,GTATGTACGCACGTGCGCCACATAC,585.0,474.0,32439.0,30902.0
A,CC,1,5,GTATGTACGCACGTGCGCCACATAC,787.0,539.0,21698.0,19692.0
A,CC,1,6,GTATGTACGCACGTGCGCCACATAC,561.0,538.0,23428.0,21224.0
A,CC,1,7,GTATGTACGCACGTGCGCCACATAC,569.0,491.0,25838.0,23720.0
A,CC,1,8,GTATGTACGCACGTGCGCCACATAC,607.0,532.0,22620.0,22875.0
A,CC,1,9,GTATGTACGCACGTGCGCCACATAC,639.0,436.0,21084.0,22940.0
A,CC,1,10,GTATGTACGCACGTGCGCCACATAC,566.0,540.0,24229.0,31031.0
A,CC,2,1,GTATGCCACGCACCGTGCGTACATA,898.0,520.0,25494.0,26801.0
A,CC,2,2,GTATGCCACGCACCGTGCGTACATA,600.0,587.0,25187.0,30919.0
A,CC,2,3,GTATGCCACGCACCGTGCGTACATA,503.0,561.0,34832.0,27684.0
A,CC,2,4,GTATGCCACGCACCGTGCGTACATA,544.0,549.0,37011.0,32868.0
A,CC,2,5,GTATGCCACGCACCGTGCGTACATA,666.0,505.0,23509.0,26169.0
A,CC,2,6,GTATGCCACGCACCGTGCGTACATA,598.0,542.0,29247.0,34174.0
A,CC,2,7,GTATGCCACGCACCGTGCGTACATA,520.0,520.0,29940.0,26146.0
A,CC,2,8,GTATGCCACGCACCGTGCGTACATA,964.0,522.0,24369.0,20885.0
A,CC,2,9,GTATGCCACGCACCGTGCGTACATA,605.0,501.0,33783.0,36665.0
A,CC,2,10,GTATGCCACGCACCGTGCGTACATA,562.0,490.0,32101.0,27564.0
A,CC,2,1,GTATGCCACGCACGTGCGCCACATA,791.0,489.0,29521.0,22451.0
A,CC,2,2,GTATGCCACGCACGTGCGCCACATA,828.0,570.0,26872.0,22780.0
A,CC,2,3,GTATGCCACGCACGTGCGCCACATA,506.0,481.0,39127.0,31911.0
A,CC,2,4,GTATGCCACGCACGTGCGCCACATA,566.0,561.0,28874.0,32578.0
A,CC,2,5,GTATGCCACGCACGTGCGCCACATA,517.0,444.0,29012.0,24336.0
A,CC,2,6,GTATGCCACGCACGTGCGCCACATA,580.0,473.0,32114.0,29720.0
A,CC,2,7,GTATGCCACGCACGTGCGCCACATA,538.0,437.0,35100.0,32323.0
A,CC,2,8,GTATGCCACGCACGTGCGCCACATA,554.0,509.0,31221.0,29413.0
A,CC,2,9,GTATGCCACGCACGTGCGCCACATA,502.0,460.0,34347.0,31715.0
A,CC,2,10,GTATGCCACGCACGTGCGCCACATA,553.0,476.0,31261.0,26092.0
A,CC,2,1,GTATGTACGCACCGTGCGCCACATA,765.0,524.0,23919.0,26425.0
A,CC,2,2,GTATGTACGCACCGTGCGCCACATA,484.0,599.0,24284.0,20097.0
A,CC,2,3,GTATGTACGCACCGTGCGCCACATA,573.0,512.0,22122.0,28439.0
A,CC,2,4,GTATGTACGCACCGTGCGCCACATA,740.0,481.0,23357.0,25402.0
A,CC,2,5,GTATGTACGCACCGTGCGCCACATA,762.0,503.0,21861.0,20270.0
A,CC,2,6,GTATGTACGCACCGTGCGCCACATA,485.0,582.0,22585.0,21180.0
A,CC,2,7,GTATGTACGCACCGTGCGCCACATA,589.0,487.0,23173.0,27185.0
A,CC,2,8,GTATGTACGCACCGTGCGCCACATA,1021.0,493.0,26323.0,22624.0
A,CC,2,9,GTATGTACGCACCGTGCGCCACATA,943.0,479.0,22015.0,19258.0
A,CC,2,10,GTATGTACGCACCGTGCGCCACATA,410.0,471.0,22301.0,21610.0
A,CC,3,1,GTATGCCACGCACCGTGCGCCACAC,511.0,477.0,20333.0,29939.0
A,CC,3,2,GTATGCCACGCACCGTGCGCCACAC,688.0,482.0,28846.0,25281.0
A,CC,3,3,GTATGCCACGCACCGTGCGCCACAC,576.0,441.0,20804.0,30347.0
A,CC,3,4,GTATGCCACGCACCGTGCGCCACAC,482.0,485.0,28067.0,29590.0
A,CC,3,5,GTATGCCACGCACCGTGCGCCACAC,502.0,383.0,35538.0,29219.0
A,CC,3,6,GTATGCCACGCACCGTGCGCCACAC,575.0,481.0,33504.0,29600.0
A,CC,3,7,GTATGCCACGCACCGTGCGCCACAC,792.0,569.0,31251.0,28366.0
A,CC,3,8,GTATGCCACGCACCGTGCGCCACAC,567.0,448.0,37814.0,30924.0
A,CC,3,9,GTATGCCACGCACCGTGCGCCACAC,521.0,451.0,34495.0,27903.0
A,CC,3,10,GTATGCCACGCACCGTGCGCCACAC,581.0,505.0,37992.0,34924.0
A,CT,1,1,GTATGCTACGCACGTGCGTACATAC,505.0,495.0,26640.0,18137.0
A,CT,1,2,GTATGCTACGCACGTGCGTACATAC,475.0,490.0,23842.0,21047.0
A,CT,1,3,GTATGCTACGCACGTGCGTACATAC,474.0,496.0,18428.0,18405.0
A,CT,1,4,GTATGCTACGCACGTGCGTACATAC,656.0,400.0,20247.0,21998.0
A,CT,1,5,GTATGCTACGCACGTGCGTACATAC,555.0,496.0,22281.0,22303.0
A,CT,1,6,GTATGCTACGCACGTGCGTACATAC,517.0,547.0,21098.0,19525.0
A,CT,1,7,GTATGCTACGCACGTGCGTACATAC,784.0,541.0,21470.0,25099.0
A,CT,1,8,GTATGCTACGCACGTGCGTACATAC,548.0,500.0,25684.0,20607.0
A,CT,1,9,GTATGCTACGCACGTGCGTACATAC,608.0,506.0,22101.0,24419.0
A,CT,1,10,GTATGCTACGCACGTGCGTACATAC,523.0,460.0,22852.0,27514.0
A,CT,1,1,GTATGTACGCACGTGCGCTACATAC,474.0,504.0,20274.0,16319.0
A,CT,1,2,GTATGTACGCACGTGCGCTACATAC,566.0,469.0,20042.0,19605.0
A,CT,1,3,GTATGTACGCACGTGCGCTACATAC,480.0,468.0,20778.0,21443.0
A,CT,1,4,GTATGTACGCACGTGCGCTACATAC,543.0,474.0,19739.0,24516.0
A,CT,1,5,GTATGTACGCACGTGCGCTACATAC,621.0,464.0,19646.0,18381.0
A,CT,1,6,GTATGTACGCACGTGCGCTACATAC,585.0,562.0,16859.0,24592.0
A,CT,1,7,GTATGTACGCACGTGCGCTACATAC,528.0,579.0,19421.0,25657.0
A,CT,1,8,GTATGTACGCACGTGCGCTACATAC,532.0,457.0,21533.0,19005.0
A,CT,1,9,GTATGTACGCACGTGCGCTACATAC,619.0,458.0,19817.0,19586.0
A,CT,1,10,GTATGTACGCACGTGCGCTACATAC,646.0,503.0,23048.0,25260.0
A,CT,1,1,GTATGTACGCACTGTGCGTACATAC,533.0,547.0,23958.0,18009.0
A,CT,1,2,GTATGTACGCACTGTGCGTACATAC,610.0,581.0,20988.0,27978.0
A,CT,1,3,GTATGTACGCACTGTGCGTACATAC,770.0,456.0,25265.0,20469.0
A,CT,1,4,GTATGTACGCACTGTGCGTACATAC,557.0,425.0,22274.0,19405.0
A,CT,1,5,GTATGTACGCACTGTGCGTACATAC,980.0,544.0,18943.0,22561.0
A,CT,1,6,GTATGTACGCACTGTGCGTACATAC,586.0,503.0,23509.0,24819.0
A,CT,1,7,GTATGTACGCACTGTGCGTACATAC,562.0,457.0,20804.0,20739.0
A,CT,1,8,GTATGTACGCACTGTGCGTACATAC,766.0,414.0,21876.0,15474.0
A,CT,1,9,GTATGTACGCACTGTGCGTACATAC,495.0,529.0,18601.0,19533.0
A,CT,1,10,GTATGTACGCACTGTGCGTACATAC,614.0,561.0,18406.0,25121.0
A,CT,2,1,GTATGCTACGCACGTGCGCTACATA,531.0,595.0,23055.0,21131.0
A,CT,2,2,GTATGCTACGCACGTGCGCTACATA,522.0,597.0,20357.0,20604.0
A,CT,2,3,GTATGCTACGCACGTGCGCTACATA,511.0,538.0,25950.0,21638.0
A,CT,2,4,GTATGCTACGCACGTGCGCTACATA,564.0,452.0,22125.0,25578.0
A,CT,2,5,GTATGCTACGCACGTGCGCTACATA,595.0,462.0,22637.0,21401.0
A,CT,2,6,GTATGCTACGCACGTGCGCTACATA,625.0,497.0,22361.0,20796.0
A,CT,2,7,GTATGCTACGCACGTGCGCTACATA,605.0,549.0,21584.0,24107.0
A,CT,2,8,GTATGCTACGCACGTGCGCTACATA,610.0,486.0,22062.0,28158.0
A,CT,2,9,GTATGCTACGCACGTGCGCTACATA,562.0,474.0,22180.0,22887.0
A,CT,2,10,GTATGCTACGCACGTGCGCTACATA,605.0,494.0,21241.0,21655.0
A,CT,2,1,GTATGCTACGCACTGTGCGTACATA,582.0,494.0,20722.0,16014.0
A,CT,2,2,GTATGCTACGCACTGTGCGTACATA,628.0,504.0,23749.0,20225.0
A,CT,2,3,GTATGCTACGCACTGTGCGTACATA,549.0,420.0,21801.0,23775.0
A,CT,2,4,GTATGCTACGCACTGTGCGTACATA,672.0,460.0,22245.0,26756.0
A,CT,2,5,GTATGCTACGCACTGTGCGTACATA,548.0,551.0,23257.0,18641.0
A,CT,2,6,GTATGCTACGCACTGTGCGTACATA,899.0,457.0,27555.0,24157.0
A,CT,2,7,GTATGCTACGCACTGTGCGTACATA,467.0,606.0,21918.0,18667.0
A,CT,2,8,GTATGCTACGCACTGTGCGTACATA,457.0,525.0,24552.0,19789.0
A,CT,2,9,GTATGCTACGCACTGTGCGTACATA,452.0,518.0,20082.0,20608.0
A,CT,2,10,GTATGCTACGCACTGTGCGTACATA,509.0,604.0,25694.0,7971.0
A,CT,2,1,GTATGTACGCACTGTGCGCTACATA,1084.0,503.0,22603.0,23707.0
A,CT,2,2,GTATGTACGCACTGTGCGCTACATA,633.0,546.0,18062.0,26729.0
A,CT,2,3,GTATGTACGCACTGTGCGCTACATA,662.0,493.0,21822.0,18713.0
A,CT,2,4,GTATGTACGCACTGTGCGCTACATA,514.0,497.0,24119.0,19662.0
A,CT,2,5,GTATGTACGCACTGTGCGCTACATA,559.0,503.0,22407.0,20548.0
A,CT,2,6,GTATGTACGCACTGTGCGCTACATA,568.0,504.0,17578.0,24540.0
A,CT,2,7,GTATGTACGCACTGTGCGCTACATA,692.0,501.0,9497.0,18112.0
A,CT,2,8,GTATGTACGCACTGTGCGCTACATA,525.0,490.0,21988.0,25790.0
A,CT,2,9,GTATGTACGCACTGTGCGCTACATA,564.0,446.0,22556.0,19462.0
A,CT,2,10,GTATGTACGCACTGTGCGCTACATA,735.0,599.0,15779.0,17662.0
A,CT,3,1,GTATGCTACGCACTGTGCGCTACAC,502.0,386.0,25219.0,21260.0
A,CT,3,2,GTATGCTACGCACTGTGCGCTACAC,528.0,461.0,22575.0,18632.0
A,CT,3,3,GTATGCTACGCACTGTGCGCTACAC,557.0,480.0,21551.0,22324.0
A,CT,3,4,GTATGCTACGCACTGTGCGCTACAC,550.0,568.0,23816.0,28638.0
A,CT,3,5,GTATGCTACGCACTGTGCGCTACAC,499.0,521.0,23385.0,20176.0
A,CT,3,6,GTATGCTACGCACTGTGCGCTACAC,544.0,480.0,8252.0,17373.0
A,CT,3,7,GTATGCTACGCACTGTGCGCTACAC,935.0,473.0,19565.0,23177.0
A,CT,3,8,GTATGCTACGCACTGTGCGCTACAC,558.0,464.0,21596.0,17303.0
A,CT,3,9,GTATGCTACGCACTGTGCGCTACAC,565.0,525.0,24999.0,25049.0
A,CT,3,10,GTATGCTACGCACTGTGCGCTACAC,561.0,761.0,22916.0,24305.0
A,No_PyDi,0,1,GTATGTACGCACGTGCGTACATACG,611.0,486.0,18941.0,25626.0
A,No_PyDi,0,2,GTATGTACGCACGTGCGTACATACG,958.0,543.0,,21635.0
A,No_PyDi,0,3,GTATGTACGCACGTGCGTACATACG,578.0,436.0,23787.0,17311.0
A,No_PyDi,0,4,GTATGTACGCACGTGCGTACATACG,772.0,573.0,24611.0,16956.0
A,No_PyDi,0,5,GTATGTACGCACGTGCGTACATACG,921.0,459.0,12603.0,21620.0
A,No_PyDi,0,6,GTATGTACGCACGTGCGTACATACG,600.0,534.0,17802.0,20862.0
A,No_PyDi,0,7,GTATGTACGCACGTGCGTACATACG,581.0,521.0,20499.0,18339.0
A,No_PyDi,0,8,GTATGTACGCACGTGCGTACATACG,606.0,542.0,16845.0,24442.0
A,No_PyDi,0,9,GTATGTACGCACGTGCGTACATACG,543.0,623.0,24154.0,20578.0
A,No_PyDi,0,10,GTATGTACGCACGTGCGTACATACG,539.0,442.0,18826.0,18526.0
A,TC,1,1,GTATGTACGCACGTGCGTCACATAC,639.0,538.0,39591.0,35780.0
A,TC,1,2,GTATGTACGCACGTGCGTCACATAC,525.0,439.0,23404.0,29516.0
A,TC,1,3,GTATGTACGCACGTGCGTCACATAC,499.0,456.0,26215.0,28293.0
A,TC,1,4,GTATGTACGCACGTGCGTCACATAC,617.0,584.0,29439.0,31854.0
A,TC,1,5,GTATGTACGCACGTGCGTCACATAC,491.0,551.0,35582.0,30767.0
A,TC,1,6,GTATGTACGCACGTGCGTCACATAC,527.0,442.0,29751.0,28250.0
A,TC,1,7,GTATGTACGCACGTGCGTCACATAC,584.0,567.0,39296.0,32221.0
A,TC,1,8,GTATGTACGCACGTGCGTCACATAC,619.0,562.0,30617.0,29492.0
A,TC,1,9,GTATGTACGCACGTGCGTCACATAC,473.0,436.0,30750.0,29625.0
A,TC,1,10,GTATGTACGCACGTGCGTCACATAC,557.0,531.0,32254.0,29858.0
A,TC,1,1,GTATGTACGCATCGTGCGTACATAC,476.0,470.0,27752.0,33634.0
A,TC,1,2,GTATGTACGCATCGTGCGTACATAC,796.0,530.0,34608.0,28961.0
A,TC,1,3,GTATGTACGCATCGTGCGTACATAC,564.0,509.0,35166.0,35037.0
A,TC,1,4,GTATGTACGCATCGTGCGTACATAC,484.0,554.0,33423.0,35184.0
A,TC,1,5,GTATGTACGCATCGTGCGTACATAC,586.0,469.0,32586.0,39062.0
A,TC,1,6,GTATGTACGCATCGTGCGTACATAC,784.0,419.0,29489.0,32789.0
A,TC,1,7,GTATGTACGCATCGTGCGTACATAC,537.0,463.0,34882.0,34835.0
A,TC,1,8,GTATGTACGCATCGTGCGTACATAC,474.0,529.0,34633.0,30431.0
A,TC,1,9,GTATGTACGCATCGTGCGTACATAC,720.0,469.0,32476.0,37466.0
A,TC,1,10,GTATGTACGCATCGTGCGTACATAC,628.0,490.0,33507.0,31355.0
A,TC,1,1,GTATGTCACGCACGTGCGTACATAC,572.0,494.0,33221.0,36963.0
A,TC,1,2,GTATGTCACGCACGTGCGTACATAC,667.0,525.0,38059.0,39772.0
A,TC,1,3,GTATGTCACGCACGTGCGTACATAC,704.0,535.0,36181.0,31629.0
A,TC,1,4,GTATGTCACGCACGTGCGTACATAC,609.0,405.0,36866.0,35668.0
A,TC,1,5,GTATGTCACGCACGTGCGTACATAC,915.0,474.0,36581.0,36248.0
A,TC,1,6,GTATGTCACGCACGTGCGTACATAC,486.0,522.0,39503.0,31693.0
A,TC,1,7,GTATGTCACGCACGTGCGTACATAC,562.0,485.0,37730.0,39545.0
A,TC,1,8,GTATGTCACGCACGTGCGTACATAC,534.0,516.0,37449.0,35467.0
A,TC,1,9,GTATGTCACGCACGTGCGTACATAC,860.0,491.0,32010.0,26434.0
A,TC,1,10,GTATGTCACGCACGTGCGTACATAC,523.0,570.0,34229.0,40026.0
A,TC,2,1,GTATGTACGCATCGTGCGTCACATA,687.0,476.0,48311.0,33870.0
A,TC,2,2,GTATGTACGCATCGTGCGTCACATA,540.0,561.0,36407.0,37593.0
A,TC,2,3,GTATGTACGCATCGTGCGTCACATA,832.0,466.0,29412.0,37270.0
A,TC,2,4,GTATGTACGCATCGTGCGTCACATA,587.0,492.0,37784.0,40989.0
A,TC,2,5,GTATGTACGCATCGTGCGTCACATA,480.0,559.0,38948.0,36118.0
A,TC,2,6,GTATGTACGCATCGTGCGTCACATA,674.0,471.0,37004.0,40611.0
A,TC,2,7,GTATGTACGCATCGTGCGTCACATA,568.0,468.0,42212.0,31682.0
A,TC,2,8,GTATGTACGCATCGTGCGTCACATA,1020.0,541.0,28845.0,31038.0
A,TC,2,9,GTATGTACGCATCGTGCGTCACATA,522.0,543.0,35555.0,39903.0
A,TC,2,10,GTATGTACGCATCGTGCGTCACATA,557.0,468.0,39005.0,40170.0
A,TC,2,1,GTATGTCACGCACGTGCGTCACATA,1175.0,512.0,28191.0,23352.0
A,TC,2,2,GTATGTCACGCACGTGCGTCACATA,554.0,506.0,41917.0,32923.0
A,TC,2,3,GTATGTCACGCACGTGCGTCACATA,553.0,479.0,42001.0,41011.0
A,TC,2,4,GTATGTCACGCACGTGCGTCACATA,497.0,472.0,46837.0,32646.0
A,TC,2,5,GTATGTCACGCACGTGCGTCACATA,505.0,492.0,30576.0,38835.0
A,TC,2,6,GTATGTCACGCACGTGCGTCACATA,542.0,507.0,33974.0,
A,TC,2,7,GTATGTCACGCACGTGCGTCACATA,1225.0,445.0,37051.0,29036.0
A,TC,2,8,GTATGTCACGCACGTGCGTCACATA,512.0,585.0,30241.0,40853.0
A,TC,2,9,GTATGTCACGCACGTGCGTCACATA,539.0,517.0,38936.0,36017.0
A,TC,2,10,GTATGTCACGCACGTGCGTCACATA,586.0,598.0,37129.0,35315.0
A,TC,2,1,GTATGTCACGCATCGTGCGTACATA,803.0,539.0,41384.0,37816.0
A,TC,2,2,GTATGTCACGCATCGTGCGTACATA,519.0,453.0,38949.0,34636.0
A,TC,2,3,GTATGTCACGCATCGTGCGTACATA,617.0,516.0,30956.0,38915.0
A,TC,2,4,GTATGTCACGCATCGTGCGTACATA,534.0,438.0,39366.0,34570.0
A,TC,2,5,GTATGTCACGCATCGTGCGTACATA,588.0,498.0,42298.0,38063.0
A,TC,2,6,GTATGTCACGCATCGTGCGTACATA,564.0,480.0,33751.0,35573.0
A,TC,2,7,GTATGTCACGCATCGTGCGTACATA,547.0,456.0,39443.0,34972.0
A,TC,2,8,GTATGTCACGCATCGTGCGTACATA,582.0,516.0,30706.0,31093.0
A,TC,2,9,GTATGTCACGCATCGTGCGTACATA,505.0,528.0,39618.0,37864.0
A,TC,2,10,GTATGTCACGCATCGTGCGTACATA,517.0,475.0,29734.0,38358.0
A,TC,3,1,GTATGTCACGCATCGTGCGTCACAC,562.0,585.0,42434.0,44739.0
A,TC,3,2,GTATGTCACGCATCGTGCGTCACAC,569.0,461.0,27946.0,35444.0
A,TC,3,3,GTATGTCACGCATCGTGCGTCACAC,514.0,430.0,36222.0,32840.0
A,TC,3,4,GTATGTCACGCATCGTGCGTCACAC,857.0,452.0,35349.0,36885.0
A,TC,3,5,GTATGTCACGCATCGTGCGTCACAC,559.0,512.0,46875.0,46937.0
A,TC,3,6,GTATGTCACGCATCGTGCGTCACAC,548.0,488.0,40672.0,45447.0
A,TC,3,7,GTATGTCACGCATCGTGCGTCACAC,548.0,525.0,43498.0,39815.0
A,TC,3,8,GTATGTCACGCATCGTGCGTCACAC,501.0,506.0,42564.0,36816.0
A,TC,3,9,GTATGTCACGCATCGTGCGTCACAC,476.0,454.0,41362.0,40578.0
A,TC,3,10,GTATGTCACGCATCGTGCGTCACAC,595.0,401.0,36427.0,36264.0
A,TT,1,1,GTATGTACGCACGTGCGTTACATAC,495.0,542.0,24026.0,22223.0
A,TT,1,2,GTATGTACGCACGTGCGTTACATAC,516.0,438.0,22723.0,18010.0
A,TT,1,3,GTATGTACGCACGTGCGTTACATAC,530.0,471.0,23262.0,20310.0
A,TT,1,4,GTATGTACGCACGTGCGTTACATAC,516.0,418.0,22796.0,19374.0
A,TT,1,5,GTATGTACGCACGTGCGTTACATAC,567.0,560.0,25851.0,22684.0
A,TT,1,6,GTATGTACGCACGTGCGTTACATAC,545.0,470.0,21882.0,25586.0
A,TT,1,7,GTATGTACGCACGTGCGTTACATAC,611.0,523.0,21182.0,20464.0
A,TT,1,8,GTATGTACGCACGTGCGTTACATAC,618.0,412.0,19815.0,20200.0
A,TT,1,9,GTATGTACGCACGTGCGTTACATAC,567.0,437.0,21664.0,18747.0
A,TT,1,10,GTATGTACGCACGTGCGTTACATAC,532.0,534.0,22404.0,
A,TT,1,1,GTATGTACGCATTGTGCGTACATAC,492.0,544.0,25569.0,29154.0
A,TT,1,2,GTATGTACGCATTGTGCGTACATAC,517.0,450.0,29319.0,21923.0
A,TT,1,3,GTATGTACGCATTGTGCGTACATAC,709.0,518.0,19566.0,30648.0
A,TT,1,4,GTATGTACGCATTGTGCGTACATAC,532.0,500.0,27947.0,22814.0
A,TT,1,5,GTATGTACGCATTGTGCGTACATAC,483.0,461.0,26241.0,22664.0
A,TT,1,6,GTATGTACGCATTGTGCGTACATAC,588.0,500.0,28537.0,23636.0
A,TT,1,7,GTATGTACGCATTGTGCGTACATAC,670.0,449.0,32294.0,23700.0
A,TT,1,8,GTATGTACGCATTGTGCGTACATAC,807.0,497.0,24209.0,26747.0
A,TT,1,9,GTATGTACGCATTGTGCGTACATAC,515.0,490.0,24393.0,24386.0
A,TT,1,10,GTATGTACGCATTGTGCGTACATAC,538.0,542.0,26479.0,24264.0
A,TT,1,1,GTATGTTACGCACGTGCGTACATAC,549.0,443.0,28270.0,25495.0
A,TT,1,2,GTATGTTACGCACGTGCGTACATAC,554.0,570.0,21368.0,20543.0
A,TT,1,3,GTATGTTACGCACGTGCGTACATAC,478.0,509.0,21646.0,20976.0
A,TT,1,4,GTATGTTACGCACGTGCGTACATAC,617.0,575.0,25657.0,24826.0
A,TT,1,5,GTATGTTACGCACGTGCGTACATAC,563.0,489.0,23916.0,21611.0
A,TT,1,6,GTATGTTACGCACGTGCGTACATAC,451.0,460.0,25148.0,19546.0
A,TT,1,7,GTATGTTACGCACGTGCGTACATAC,371.0,462.0,21971.0,20958.0
A,TT,1,8,GTATGTTACGCACGTGCGTACATAC,560.0,492.0,23260.0,26556.0
A,TT,1,9,GTATGTTACGCACGTGCGTACATAC,544.0,527.0,22882.0,21866.0
A,TT,1,10,GTATGTTACGCACGTGCGTACATAC,529.0,490.0,24978.0,23993.0
A,TT,2,1,GTATGTACGCATTGTGCGTTACATA,484.0,494.0,25117.0,22678.0
A,TT,2,2,GTATGTACGCATTGTGCGTTACATA,544.0,511.0,27261.0,25244.0
A,TT,2,3,GTATGTACGCATTGTGCGTTACATA,500.0,514.0,26525.0,27981.0
A,TT,2,4,GTATGTACGCATTGTGCGTTACATA,574.0,415.0,23681.0,22826.0
A,TT,2,5,GTATGTACGCATTGTGCGTTACATA,587.0,479.0,25563.0,19510.0
A,TT,2,6,GTATGTACGCATTGTGCGTTACATA,571.0,500.0,25933.0,26820.0
A,TT,2,7,GTATGTACGCATTGTGCGTTACATA,633.0,505.0,25691.0,23924.0
A,TT,2,8,GTATGTACGCATTGTGCGTTACATA,535.0,492.0,22644.0,30238.0
A,TT,2,9,GTATGTACGCATTGTGCGTTACATA,571.0,518.0,22424.0,20469.0
A,TT,2,10,GTATGTACGCATTGTGCGTTACATA,499.0,545.0,26251.0,21884.0
A,TT,2,1,GTATGTTACGCACGTGCGTTACATA,516.0,611.0,26005.0,25006.0
A,TT,2,2,GTATGTTACGCACGTGCGTTACATA,482.0,530.0,27144.0,23563.0
A,TT,2,3,GTATGTTACGCACGTGCGTTACATA,621.0,430.0,28864.0,21249.0
A,TT,2,4,GTATGTTACGCACGTGCGTTACATA,570.0,484.0,31399.0,26794.0
A,TT,2,5,GTATGTTACGCACGTGCGTTACATA,607.0,494.0,26930.0,22952.0
A,TT,2,6,GTATGTTACGCACGTGCGTTACATA,470.0,530.0,27287.0,24689.0
A,TT,2,7,GTATGTTACGCACGTGCGTTACATA,630.0,476.0,29891.0,26526.0
A,TT,2,8,GTATGTTACGCACGTGCGTTACATA,549.0,575.0,27959.0,22915.0
A,TT,2,9,GTATGTTACGCACGTGCGTTACATA,589.0,617.0,29059.0,23885.0
A,TT,2,10,GTATGTTACGCACGTGCGTTACATA,585.0,525.0,33092.0,28871.0
A,TT,2,1,GTATGTTACGCATTGTGCGTACATA,832.0,528.0,24284.0,26330.0
A,TT,2,2,GTATGTTACGCATTGTGCGTACATA,551.0,506.0,31077.0,26303.0
A,TT,2,3,GTATGTTACGCATTGTGCGTACATA,476.0,440.0,27450.0,23158.0
A,TT,2,4,GTATGTTACGCATTGTGCGTACATA,729.0,448.0,27692.0,29064.0
A,TT,2,5,GTATGTTACGCATTGTGCGTACATA,611.0,503.0,23992.0,30450.0
A,TT,2,6,GTATGTTACGCATTGTGCGTACATA,701.0,482.0,27307.0,29661.0
A,TT,2,7,GTATGTTACGCATTGTGCGTACATA,563.0,631.0,21792.0,20640.0
A,TT,2,8,GTATGTTACGCATTGTGCGTACATA,479.0,543.0,25440.0,26568.0
A,TT,2,9,GTATGTTACGCATTGTGCGTACATA,1059.0,545.0,20922.0,24257.0
A,TT,2,10,GTATGTTACGCATTGTGCGTACATA,485.0,553.0,28289.0,25214.0
A,TT,3,1,GTATGTTACGCATTGTGCGTTACAC,590.0,548.0,26445.0,28075.0
A,TT,3,2,GTATGTTACGCATTGTGCGTTACAC,967.0,480.0,,28140.0
A,TT,3,3,GTATGTTACGCATTGTGCGTTACAC,764.0,465.0,24718.0,26556.0
A,TT,3,4,GTATGTTACGCATTGTGCGTTACAC,479.0,506.0,30352.0,27618.0
A,TT,3,5,GTATGTTACGCATTGTGCGTTACAC,636.0,554.0,26527.0,24735.0
A,TT,3,6,GTATGTTACGCATTGTGCGTTACAC,599.0,500.0,24334.0,23756.0
A,TT,3,7,GTATGTTACGCATTGTGCGTTACAC,562.0,509.0,26788.0,24132.0
A,TT,3,8,GTATGTTACGCATTGTGCGTTACAC,513.0,441.0,28036.0,23634.0
A,TT,3,9,GTATGTTACGCATTGTGCGTTACAC,485.0,481.0,28835.0,26501.0
A,TT,3,10,GTATGTTACGCATTGTGCGTTACAC,475.0,509.0,31860.0,25633.0
B,CC,1,1,ACGCACATGTGCCACACATGTGCGC,514.0,429.0,25831.0,23696.0
B,CC,1,2,ACGCACATGTGCCACACATGTGCGC,489.0,477.0,23376.0,20946.0
B,CC,1,3,ACGCACATGTGCCACACATGTGCGC,497.0,512.0,24346.0,
B,CC,1,4,ACGCACATGTGCCACACATGTGCGC,528.0,476.0,23322.0,24699.0
B,CC,1,5,ACGCACATGTGCCACACATGTGCGC,659.0,473.0,25871.0,21951.0
B,CC,1,6,ACGCACATGTGCCACACATGTGCGC,505.0,422.0,23055.0,22913.0
B,CC,1,7,ACGCACATGTGCCACACATGTGCGC,516.0,566.0,20996.0,24626.0
B,CC,1,8,ACGCACATGTGCCACACATGTGCGC,537.0,546.0,25560.0,23341.0
B,CC,1,9,ACGCACATGTGCCACACATGTGCGC,643.0,491.0,24286.0,27946.0
B,CC,1,10,ACGCACATGTGCCACACATGTGCGC,474.0,475.0,27755.0,18133.0
B,CC,1,1,ACGCACATGTGTACACACCGTGCGC,565.0,436.0,16443.0,13210.0
B,CC,1,2,ACGCACATGTGTACACACCGTGCGC,533.0,508.0,17739.0,15793.0
B,CC,1,3,ACGCACATGTGTACACACCGTGCGC,549.0,540.0,17287.0,18804.0
B,CC,1,4,ACGCACATGTGTACACACCGTGCGC,488.0,453.0,15975.0,14325.0
B,CC,1,5,ACGCACATGTGTACACACCGTGCGC,647.0,509.0,18846.0,19497.0
B,CC,1,6,ACGCACATGTGTACACACCGTGCGC,439.0,534.0,15340.0,14975.0
B,CC,1,7,ACGCACATGTGTACACACCGTGCGC,501.0,510.0,16076.0,13055.0
B,CC,1,8,ACGCACATGTGTACACACCGTGCGC,546.0,516.0,18062.0,15686.0
B,CC,1,9,ACGCACATGTGTACACACCGTGCGC,578.0,505.0,14214.0,19607.0
B,CC,1,10,ACGCACATGTGTACACACCGTGCGC,495.0,515.0,18327.0,23881.0
B,CC,1,1,ACGCACCATGTGTACACATGTGCGC,597.0,513.0,34231.0,38464.0
B,CC,1,2,ACGCACCATGTGTACACATGTGCGC,606.0,498.0,31222.0,37150.0
B,CC,1,3,ACGCACCATGTGTACACATGTGCGC,510.0,450.0,31124.0,28128.0
B,CC,1,4,ACGCACCATGTGTACACATGTGCGC,684.0,534.0,30389.0,43774.0
B,CC,1,5,ACGCACCATGTGTACACATGTGCGC,555.0,414.0,34386.0,31096.0
B,CC,1,6,ACGCACCATGTGTACACATGTGCGC,592.0,405.0,35016.0,36160.0
B,CC,1,7,ACGCACCATGTGTACACATGTGCGC,550.0,551.0,27881.0,28939.0
B,CC,1,8,ACGCACCATGTGTACACATGTGCGC,686.0,476.0,31252.0,36398.0
B,CC,1,9,ACGCACCATGTGTACACATGTGCGC,575.0,451.0,34478.0,30306.0
B,CC,1,10,ACGCACCATGTGTACACATGTGCGC,490.0,492.0,33389.0,31138.0
B,CC,2,1,ACGCACATGTGCCACACACCGTGCG,728.0,391.0,20288.0,23409.0
B,CC,2,2,ACGCACATGTGCCACACACCGTGCG,523.0,540.0,23918.0,21512.0
B,CC,2,3,ACGCACATGTGCCACACACCGTGCG,634.0,523.0,24470.0,27938.0
B,CC,2,4,ACGCACATGTGCCACACACCGTGCG,495.0,489.0,23118.0,25667.0
B,CC,2,5,ACGCACATGTGCCACACACCGTGCG,525.0,436.0,25273.0,23944.0
B,CC,2,6,ACGCACATGTGCCACACACCGTGCG,527.0,487.0,23023.0,23689.0
B,CC,2,7,ACGCACATGTGCCACACACCGTGCG,595.0,417.0,24381.0,22277.0
B,CC,2,8,ACGCACATGTGCCACACACCGTGCG,547.0,499.0,22681.0,25369.0
B,CC,2,9,ACGCACATGTGCCACACACCGTGCG,568.0,469.0,22759.0,26573.0
B,CC,2,10,ACGCACATGTGCCACACACCGTGCG,567.0,436.0,21858.0,20225.0
B,CC,2,1,ACGCACCATGTGCCACACATGTGCG,451.0,508.0,32053.0,37053.0
B,CC,2,2,ACGCACCATGTGCCACACATGTGCG,587.0,452.0,33683.0,27006.0
B,CC,2,3,ACGCACCATGTGCCACACATGTGCG,753.0,515.0,26125.0,28036.0
B,CC,2,4,ACGCACCATGTGCCACACATGTGCG,594.0,522.0,32201.0,35601.0
B,CC,2,5,ACGCACCATGTGCCACACATGTGCG,653.0,530.0,35550.0,38923.0
B,CC,2,6,ACGCACCATGTGCCACACATGTGCG,549.0,445.0,32351.0,30735.0
B,CC,2,7,ACGCACCATGTGCCACACATGTGCG,848.0,423.0,29955.0,36201.0
B,CC,2,8,ACGCACCATGTGCCACACATGTGCG,484.0,520.0,27843.0,27341.0
B,CC,2,9,ACGCACCATGTGCCACACATGTGCG,917.0,540.0,26954.0,28257.0
B,CC,2,10,ACGCACCATGTGCCACACATGTGCG,536.0,515.0,32496.0,33760.0
B,CC,2,1,ACGCACCATGTGTACACACCGTGCG,569.0,613.0,26413.0,23394.0
B,CC,2,2,ACGCACCATGTGTACACACCGTGCG,603.0,548.0,31875.0,29320.0
B,CC,2,3,ACGCACCATGTGTACACACCGTGCG,565.0,557.0,17323.0,28173.0
B,CC,2,4,ACGCACCATGTGTACACACCGTGCG,615.0,537.0,35430.0,33872.0
B,CC,2,5,ACGCACCATGTGTACACACCGTGCG,578.0,569.0,22869.0,12211.0
B,CC,2,6,ACGCACCATGTGTACACACCGTGCG,577.0,539.0,33303.0,26865.0
B,CC,2,7,ACGCACCATGTGTACACACCGTGCG,675.0,666.0,24522.0,23055.0
B,CC,2,8,ACGCACCATGTGTACACACCGTGCG,633.0,523.0,31837.0,40259.0
B,CC,2,9,ACGCACCATGTGTACACACCGTGCG,624.0,501.0,29644.0,25922.0
B,CC,2,10,ACGCACCATGTGTACACACCGTGCG,736.0,547.0,34430.0,34972.0
B,CC,3,1,ACGCACCATGTGCCACACACCGTGC,924.0,592.0,33380.0,33189.0
B,CC,3,2,ACGCACCATGTGCCACACACCGTGC,779.0,454.0,32627.0,30503.0
B,CC,3,3,ACGCACCATGTGCCACACACCGTGC,516.0,490.0,36120.0,33354.0
B,CC,3,4,ACGCACCATGTGCCACACACCGTGC,601.0,444.0,37149.0,30593.0
B,CC,3,5,ACGCACCATGTGCCACACACCGTGC,493.0,448.0,37321.0,29563.0
B,CC,3,6,ACGCACCATGTGCCACACACCGTGC,585.0,542.0,31593.0,35938.0
B,CC,3,7,ACGCACCATGTGCCACACACCGTGC,460.0,471.0,31982.0,27821.0
B,CC,3,8,ACGCACCATGTGCCACACACCGTGC,554.0,452.0,37831.0,30010.0
B,CC,3,9,ACGCACCATGTGCCACACACCGTGC,548.0,481.0,31799.0,38595.0
B,CC,3,10,ACGCACCATGTGCCACACACCGTGC,478.0,484.0,34925.0,27438.0
B,CT,1,1,ACGCACATGTGCTACACATGTGCGC,817.0,577.0,15016.0,14531.0
B,CT,1,2,ACGCACATGTGCTACACATGTGCGC,566.0,399.0,20107.0,17310.0
B,CT,1,3,ACGCACATGTGCTACACATGTGCGC,550.0,503.0,18715.0,18922.0
B,CT,1,4,ACGCACATGTGCTACACATGTGCGC,505.0,508.0,12816.0,19476.0
B,CT,1,5,ACGCACATGTGCTACACATGTGCGC,500.0,474.0,17941.0,13454.0
B,CT,1,6,ACGCACATGTGCTACACATGTGCGC,457.0,505.0,18807.0,15329.0
B,CT,1,7,ACGCACATGTGCTACACATGTGCGC,523.0,461.0,11480.0,13888.0
B,CT,1,8,ACGCACATGTGCTACACATGTGCGC,551.0,563.0,10267.0,14258.0
B,CT,1,9,ACGCACATGTGCTACACATGTGCGC,482.0,507.0,17210.0,17807.0
B,CT,1,10,ACGCACATGTGCTACACATGTGCGC,571.0,409.0,20209.0,17992.0
B,CT,1,1,ACGCACATGTGTACACACTGTGCGC,531.0,529.0,16843.0,12164.0
B,CT,1,2,ACGCACATGTGTACACACTGTGCGC,555.0,503.0,15173.0,16533.0
B,CT,1,3,ACGCACATGTGTACACACTGTGCGC,566.0,460.0,14594.0,12810.0
B,CT,1,4,ACGCACATGTGTACACACTGTGCGC,516.0,538.0,17558.0,15775.0
B,CT,1,5,ACGCACATGTGTACACACTGTGCGC,468.0,472.0,16460.0,11757.0
B,CT,1,6,ACGCACATGTGTACACACTGTGCGC,559.0,527.0,16737.0,12303.0
B,CT,1,7,ACGCACATGTGTACACACTGTGCGC,570.0,515.0,16143.0,14635.0
B,CT,1,8,ACGCACATGTGTACACACTGTGCGC,1059.0,550.0,17324.0,16050.0
B,CT,1,9,ACGCACATGTGTACACACTGTGCGC,978.0,420.0,13220.0,15339.0
B,CT,1,10,ACGCACATGTGTACACACTGTGCGC,537.0,454.0,17442.0,12621.0
B,CT,1,1,ACGCACTATGTGTACACATGTGCGC,630.0,573.0,29406.0,22237.0
B,CT,1,2,ACGCACTATGTGTACACATGTGCGC,606.0,514.0,24408.0,22899.0
B,CT,1,3,ACGCACTATGTGTACACATGTGCGC,553.0,441.0,23843.0,19374.0
B,CT,1,4,ACGCACTATGTGTACACATGTGCGC,632.0,523.0,23949.0,26145.0
B,CT,1,5,ACGCACTATGTGTACACATGTGCGC,705.0,346.0,24411.0,18723.0
B,CT,1,6,ACGCACTATGTGTACACATGTGCGC,892.0,489.0,22721.0,23311.0
B,CT,1,7,ACGCACTATGTGTACACATGTGCGC,494.0,424.0,24045.0,
B,CT,1,8,ACGCACTATGTGTACACATGTGCGC,508.0,439.0,22296.0,18031.0
B,CT,1,9,ACGCACTATGTGTACACATGTGCGC,507.0,530.0,22846.0,21563.0
B,CT,1,10,ACGCACTATGTGTACACATGTGCGC,514.0,574.0,22988.0,18343.0
B,CT,2,1,ACGCACATGTGCTACACACTGTGCG,906.0,512.0,19176.0,19631.0
B,CT,2,2,ACGCACATGTGCTACACACTGTGCG,559.0,439.0,19220.0,19046.0
B,CT,2,3,ACGCACATGTGCTACACACTGTGCG,540.0,519.0,6775.0,15760.0
B,CT,2,4,ACGCACATGTGCTACACACTGTGCG,695.0,485.0,18318.0,23635.0
B,CT,2,5,ACGCACATGTGCTACACACTGTGCG,764.0,448.0,17182.0,16952.0
B,CT,2,6,ACGCACATGTGCTACACACTGTGCG,480.0,439.0,16935.0,14028.0
B,CT,2,7,ACGCACATGTGCTACACACTGTGCG,565.0,499.0,20143.0,15901.0
B,CT,2,8,ACGCACATGTGCTACACACTGTGCG,415.0,494.0,17156.0,13421.0
B,CT,2,9,ACGCACATGTGCTACACACTGTGCG,561.0,510.0,21741.0,16189.0
B,CT,2,10,ACGCACATGTGCTACACACTGTGCG,637.0,432.0,20337.0,14837.0
B,CT,2,1,ACGCACTATGTGCTACACATGTGCG,629.0,560.0,26920.0,23013.0
B,CT,2,2,ACGCACTATGTGCTACACATGTGCG,568.0,495.0,22875.0,20630.0
B,CT,2,3,ACGCACTATGTGCTACACATGTGCG,596.0,551.0,21924.0,31293.0
B,CT,2,4,ACGCACTATGTGCTACACATGTGCG,588.0,448.0,22499.0,23113.0
B,CT,2,5,ACGCACTATGTGCTACACATGTGCG,469.0,482.0,23412.0,19535.0
B,CT,2,6,ACGCACTATGTGCTACACATGTGCG,811.0,445.0,22307.0,23370.0
B,CT,2,7,ACGCACTATGTGCTACACATGTGCG,511.0,526.0,25057.0,21126.0
B,CT,2,8,ACGCACTATGTGCTACACATGTGCG,633.0,500.0,26905.0,25710.0
B,CT,2,9,ACGCACTATGTGCTACACATGTGCG,549.0,476.0,22643.0,23605.0
B,CT,2,10,ACGCACTATGTGCTACACATGTGCG,911.0,389.0,23163.0,23054.0
B,CT,2,1,ACGCACTATGTGTACACACTGTGCG,733.0,536.0,22703.0,24647.0
B,CT,2,2,ACGCACTATGTGTACACACTGTGCG,606.0,458.0,20335.0,25937.0
B,CT,2,3,ACGCACTATGTGTACACACTGTGCG,657.0,553.0,20515.0,28203.0
B,CT,2,4,ACGCACTATGTGTACACACTGTGCG,558.0,550.0,22173.0,19932.0
B,CT,2,5,ACGCACTATGTGTACACACTGTGCG,611.0,569.0,23010.0,17064.0
B,CT,2,6,ACGCACTATGTGTACACACTGTGCG,544.0,510.0,20236.0,26204.0
B,CT,2,7,ACGCACTATGTGTACACACTGTGCG,686.0,476.0,20812.0,19124.0
B,CT,2,8,ACGCACTATGTGTACACACTGTGCG,522.0,536.0,27717.0,19218.0
B,CT,2,9,ACGCACTATGTGTACACACTGTGCG,665.0,558.0,25168.0,20213.0
B,CT,2,10,ACGCACTATGTGTACACACTGTGCG,545.0,560.0,26912.0,18662.0
B,CT,3,1,ACGCACTATGTGCTACACACTGTGC,763.0,501.0,24754.0,21616.0
B,CT,3,2,ACGCACTATGTGCTACACACTGTGC,546.0,581.0,23265.0,19688.0
B,CT,3,3,ACGCACTATGTGCTACACACTGTGC,532.0,442.0,11764.0,21539.0
B,CT,3,4,ACGCACTATGTGCTACACACTGTGC,540.0,550.0,25670.0,21204.0
B,CT,3,5,ACGCACTATGTGCTACACACTGTGC,520.0,577.0,25164.0,20959.0
B,CT,3,6,ACGCACTATGTGCTACACACTGTGC,578.0,448.0,27023.0,20131.0
B,CT,3,7,ACGCACTATGTGCTACACACTGTGC,483.0,514.0,24832.0,24952.0
B,CT,3,8,ACGCACTATGTGCTACACACTGTGC,545.0,578.0,30760.0,19831.0
B,CT,3,9,ACGCACTATGTGCTACACACTGTGC,588.0,463.0,23021.0,24819.0
B,CT,3,10,ACGCACTATGTGCTACACACTGTGC,550.0,472.0,23889.0,21327.0
B,No_PyDi,0,1,ACGCACATGTGTACACATGTGCGTA,533.0,493.0,17544.0,15974.0
B,No_PyDi,0,2,ACGCACATGTGTACACATGTGCGTA,1111.0,453.0,19317.0,19465.0
B,No_PyDi,0,3,ACGCACATGTGTACACATGTGCGTA,546.0,501.0,9960.0,13191.0
B,No_PyDi,0,4,ACGCACATGTGTACACATGTGCGTA,580.0,354.0,19113.0,14820.0
B,No_PyDi,0,5,ACGCACATGTGTACACATGTGCGTA,782.0,521.0,15272.0,17634.0
B,No_PyDi,0,6,ACGCACATGTGTACACATGTGCGTA,1073.0,516.0,16040.0,15270.0
B,No_PyDi,0,7,ACGCACATGTGTACACATGTGCGTA,566.0,485.0,15678.0,15246.0
B,No_PyDi,0,8,ACGCACATGTGTACACATGTGCGTA,537.0,512.0,16126.0,17655.0
B,No_PyDi,0,9,ACGCACATGTGTACACATGTGCGTA,447.0,539.0,13323.0,20001.0
B,No_PyDi,0,10,ACGCACATGTGTACACATGTGCGTA,576.0,564.0,18669.0,22450.0
B,TC,1,1,ACGCACATGTGTACACATCGTGCGC,521.0,456.0,28385.0,29908.0
B,TC,1,2,ACGCACATGTGTACACATCGTGCGC,789.0,467.0,26953.0,29937.0
B,TC,1,3,ACGCACATGTGTACACATCGTGCGC,625.0,477.0,22931.0,20007.0
B,TC,1,4,ACGCACATGTGTACACATCGTGCGC,565.0,502.0,22028.0,20814.0
B,TC,1,5,ACGCACATGTGTACACATCGTGCGC,536.0,531.0,26108.0,26084.0
B,TC,1,6,ACGCACATGTGTACACATCGTGCGC,567.0,442.0,23476.0,23958.0
B,TC,1,7,ACGCACATGTGTACACATCGTGCGC,583.0,454.0,17030.0,23563.0
B,TC,1,8,ACGCACATGTGTACACATCGTGCGC,559.0,528.0,26108.0,25769.0
B,TC,1,9,ACGCACATGTGTACACATCGTGCGC,595.0,550.0,23949.0,29101.0
B,TC,1,10,ACGCACATGTGTACACATCGTGCGC,576.0,539.0,23939.0,21200.0
B,TC,1,1,ACGCACATGTGTCACACATGTGCGC,1128.0,582.0,28882.0,34789.0
B,TC,1,2,ACGCACATGTGTCACACATGTGCGC,735.0,561.0,27719.0,34544.0
B,TC,1,3,ACGCACATGTGTCACACATGTGCGC,581.0,518.0,31846.0,24949.0
B,TC,1,4,ACGCACATGTGTCACACATGTGCGC,794.0,640.0,27861.0,30316.0
B,TC,1,5,ACGCACATGTGTCACACATGTGCGC,917.0,447.0,28145.0,37265.0
B,TC,1,6,ACGCACATGTGTCACACATGTGCGC,470.0,503.0,31872.0,35267.0
B,TC,1,7,ACGCACATGTGTCACACATGTGCGC,583.0,507.0,31041.0,29274.0
B,TC,1,8,ACGCACATGTGTCACACATGTGCGC,629.0,520.0,29558.0,37342.0
B,TC,1,9,ACGCACATGTGTCACACATGTGCGC,547.0,487.0,30425.0,22681.0
B,TC,1,10,ACGCACATGTGTCACACATGTGCGC,477.0,553.0,32684.0,34273.0
B,TC,1,1,ACGCATCATGTGTACACATGTGCGC,506.0,484.0,53009.0,43163.0
B,TC,1,2,ACGCATCATGTGTACACATGTGCGC,491.0,581.0,46863.0,42783.0
B,TC,1,3,ACGCATCATGTGTACACATGTGCGC,589.0,508.0,52150.0,47979.0
B,TC,1,4,ACGCATCATGTGTACACATGTGCGC,543.0,486.0,61580.0,57002.0
B,TC,1,5,ACGCATCATGTGTACACATGTGCGC,592.0,498.0,60483.0,48068.0
B,TC,1,6,ACGCATCATGTGTACACATGTGCGC,516.0,501.0,56489.0,53041.0
B,TC,1,7,ACGCATCATGTGTACACATGTGCGC,720.0,435.0,57370.0,65535.0
B,TC,1,8,ACGCATCATGTGTACACATGTGCGC,569.0,469.0,52321.0,46884.0
B,TC,1,9,ACGCATCATGTGTACACATGTGCGC,573.0,434.0,48064.0,46375.0
B,TC,1,10,ACGCATCATGTGTACACATGTGCGC,561.0,520.0,58726.0,45938.0
B,TC,2,1,ACGCACATGTGTCACACATCGTGCG,589.0,559.0,41527.0,37526.0
B,TC,2,2,ACGCACATGTGTCACACATCGTGCG,496.0,518.0,34552.0,27433.0
B,TC,2,3,ACGCACATGTGTCACACATCGTGCG,504.0,533.0,30991.0,32646.0
B,TC,2,4,ACGCACATGTGTCACACATCGTGCG,614.0,503.0,38381.0,31702.0
B,TC,2,5,ACGCACATGTGTCACACATCGTGCG,504.0,562.0,34196.0,32337.0
B,TC,2,6,ACGCACATGTGTCACACATCGTGCG,779.0,463.0,29938.0,31492.0
B,TC,2,7,ACGCACATGTGTCACACATCGTGCG,461.0,468.0,37668.0,34059.0
B,TC,2,8,ACGCACATGTGTCACACATCGTGCG,548.0,484.0,35229.0,32814.0
B,TC,2,9,ACGCACATGTGTCACACATCGTGCG,541.0,469.0,30906.0,31947.0
B,TC,2,10,ACGCACATGTGTCACACATCGTGCG,555.0,466.0,35171.0,32806.0
B,TC,2,1,ACGCATCATGTGTACACATCGTGCG,647.0,569.0,42095.0,33856.0
B,TC,2,2,ACGCATCATGTGTACACATCGTGCG,533.0,448.0,49858.0,50957.0
B,TC,2,3,ACGCATCATGTGTACACATCGTGCG,664.0,464.0,39542.0,49922.0
B,TC,2,4,ACGCATCATGTGTACACATCGTGCG,577.0,452.0,47833.0,44814.0
B,TC,2,5,ACGCATCATGTGTACACATCGTGCG,471.0,531.0,56657.0,46893.0
B,TC,2,6,ACGCATCATGTGTACACATCGTGCG,603.0,549.0,46042.0,43019.0
B,TC,2,7,ACGCATCATGTGTACACATCGTGCG,548.0,564.0,50678.0,45983.0
B,TC,2,8,ACGCATCATGTGTACACATCGTGCG,643.0,561.0,49767.0,44133.0
B,TC,2,9,ACGCATCATGTGTACACATCGTGCG,531.0,616.0,48712.0,49123.0
B,TC,2,10,ACGCATCATGTGTACACATCGTGCG,710.0,485.0,41422.0,32738.0
B,TC,2,1,ACGCATCATGTGTCACACATGTGCG,511.0,539.0,53007.0,48429.0
B,TC,2,2,ACGCATCATGTGTCACACATGTGCG,520.0,490.0,53884.0,46531.0
B,TC,2,3,ACGCATCATGTGTCACACATGTGCG,483.0,459.0,55088.0,45972.0
B,TC,2,4,ACGCATCATGTGTCACACATGTGCG,503.0,516.0,55574.0,50650.0
B,TC,2,5,ACGCATCATGTGTCACACATGTGCG,500.0,573.0,40230.0,48197.0
B,TC,2,6,ACGCATCATGTGTCACACATGTGCG,565.0,499.0,56129.0,43902.0
B,TC,2,7,ACGCATCATGTGTCACACATGTGCG,478.0,552.0,49686.0,46260.0
B,TC,2,8,ACGCATCATGTGTCACACATGTGCG,596.0,481.0,51441.0,46921.0
B,TC,2,9,ACGCATCATGTGTCACACATGTGCG,595.0,522.0,55158.0,48012.0
B,TC,2,10,ACGCATCATGTGTCACACATGTGCG,553.0,419.0,54803.0,47865.0
B,TC,3,1,ACGCATCATGTGTCACACATCGTGC,523.0,549.0,52686.0,56511.0
B,TC,3,2,ACGCATCATGTGTCACACATCGTGC,426.0,509.0,56236.0,51603.0
B,TC,3,3,ACGCATCATGTGTCACACATCGTGC,769.0,461.0,50092.0,53300.0
B,TC,3,4,ACGCATCATGTGTCACACATCGTGC,440.0,490.0,52368.0,49009.0
B,TC,3,5,ACGCATCATGTGTCACACATCGTGC,606.0,572.0,57045.0,55385.0
B,TC,3,6,ACGCATCATGTGTCACACATCGTGC,589.0,417.0,53604.0,49433.0
B,TC,3,7,ACGCATCATGTGTCACACATCGTGC,664.0,549.0,52278.0,60073.0
B,TC,3,8,ACGCATCATGTGTCACACATCGTGC,645.0,495.0,48391.0,49697.0
B,TC,3,9,ACGCATCATGTGTCACACATCGTGC,598.0,457.0,47457.0,36403.0
B,TC,3,10,ACGCATCATGTGTCACACATCGTGC,579.0,560.0,57922.0,51033.0
B,TT,1,1,ACGCACATGTGTACACATTGTGCGC,503.0,474.0,18316.0,17715.0
B,TT,1,2,ACGCACATGTGTACACATTGTGCGC,568.0,544.0,19635.0,22822.0
B,TT,1,3,ACGCACATGTGTACACATTGTGCGC,573.0,521.0,17278.0,13949.0
B,TT,1,4,ACGCACATGTGTACACATTGTGCGC,604.0,443.0,17473.0,13426.0
B,TT,1,5,ACGCACATGTGTACACATTGTGCGC,465.0,558.0,10604.0,14791.0
B,TT,1,6,ACGCACATGTGTACACATTGTGCGC,460.0,462.0,16634.0,13937.0
B,TT,1,7,ACGCACATGTGTACACATTGTGCGC,549.0,510.0,21137.0,16235.0
B,TT,1,8,ACGCACATGTGTACACATTGTGCGC,562.0,489.0,16874.0,12534.0
B,TT,1,9,ACGCACATGTGTACACATTGTGCGC,649.0,522.0,22101.0,16894.0
B,TT,1,10,ACGCACATGTGTACACATTGTGCGC,523.0,577.0,18186.0,20525.0
B,TT,1,1,ACGCACATGTGTTACACATGTGCGC,727.0,456.0,18958.0,19872.0
B,TT,1,2,ACGCACATGTGTTACACATGTGCGC,506.0,576.0,15570.0,20930.0
B,TT,1,3,ACGCACATGTGTTACACATGTGCGC,545.0,533.0,17703.0,14544.0
B,TT,1,4,ACGCACATGTGTTACACATGTGCGC,825.0,511.0,21782.0,20880.0
B,TT,1,5,ACGCACATGTGTTACACATGTGCGC,633.0,368.0,17912.0,14533.0
B,TT,1,6,ACGCACATGTGTTACACATGTGCGC,570.0,506.0,17802.0,21361.0
B,TT,1,7,ACGCACATGTGTTACACATGTGCGC,745.0,431.0,23621.0,25172.0
B,TT,1,8,ACGCACATGTGTTACACATGTGCGC,587.0,414.0,20662.0,15969.0
B,TT,1,9,ACGCACATGTGTTACACATGTGCGC,528.0,533.0,20586.0,21347.0
B,TT,1,10,ACGCACATGTGTTACACATGTGCGC,587.0,503.0,21104.0,26548.0
B,TT,1,1,ACGCATTATGTGTACACATGTGCGC,492.0,718.0,38261.0,33975.0
B,TT,1,2,ACGCATTATGTGTACACATGTGCGC,545.0,440.0,34785.0,37648.0
B,TT,1,3,ACGCATTATGTGTACACATGTGCGC,485.0,520.0,36184.0,36425.0
B,TT,1,4,ACGCATTATGTGTACACATGTGCGC,615.0,487.0,37705.0,35604.0
B,TT,1,5,ACGCATTATGTGTACACATGTGCGC,615.0,607.0,36113.0,38437.0
B,TT,1,6,ACGCATTATGTGTACACATGTGCGC,611.0,523.0,32294.0,37244.0
B,TT,1,7,ACGCATTATGTGTACACATGTGCGC,550.0,521.0,37952.0,39027.0
B,TT,1,8,ACGCATTATGTGTACACATGTGCGC,607.0,608.0,36303.0,35695.0
B,TT,1,9,ACGCATTATGTGTACACATGTGCGC,576.0,479.0,37760.0,34056.0
B,TT,1,10,ACGCATTATGTGTACACATGTGCGC,495.0,524.0,39080.0,38106.0
B,TT,2,1,ACGCACATGTGTTACACATTGTGCG,607.0,506.0,22247.0,17137.0
B,TT,2,2,ACGCACATGTGTTACACATTGTGCG,473.0,439.0,18516.0,14278.0
B,TT,2,3,ACGCACATGTGTTACACATTGTGCG,524.0,490.0,23950.0,20187.0
B,TT,2,4,ACGCACATGTGTTACACATTGTGCG,556.0,525.0,24178.0,24980.0
B,TT,2,5,ACGCACATGTGTTACACATTGTGCG,583.0,487.0,21710.0,18147.0
B,TT,2,6,ACGCACATGTGTTACACATTGTGCG,597.0,523.0,19603.0,21970.0
B,TT,2,7,ACGCACATGTGTTACACATTGTGCG,538.0,491.0,20447.0,16709.0
B,TT,2,8,ACGCACATGTGTTACACATTGTGCG,510.0,573.0,21184.0,19398.0
B,TT,2,9,ACGCACATGTGTTACACATTGTGCG,534.0,493.0,19471.0,19038.0
B,TT,2,10,ACGCACATGTGTTACACATTGTGCG,487.0,550.0,22580.0,19150.0
B,TT,2,1,ACGCATTATGTGTACACATTGTGCG,546.0,540.0,33435.0,34875.0
B,TT,2,2,ACGCATTATGTGTACACATTGTGCG,805.0,445.0,38833.0,37703.0
B,TT,2,3,ACGCATTATGTGTACACATTGTGCG,595.0,493.0,36309.0,36018.0
B,TT,2,4,ACGCATTATGTGTACACATTGTGCG,601.0,489.0,36372.0,40274.0
B,TT,2,5,ACGCATTATGTGTACACATTGTGCG,637.0,545.0,33657.0,39424.0
B,TT,2,6,ACGCATTATGTGTACACATTGTGCG,625.0,555.0,34190.0,35090.0
B,TT,2,7,ACGCATTATGTGTACACATTGTGCG,504.0,446.0,38338.0,34011.0
B,TT,2,8,ACGCATTATGTGTACACATTGTGCG,566.0,452.0,36163.0,34940.0
B,TT,2,9,ACGCATTATGTGTACACATTGTGCG,549.0,494.0,38706.0,32665.0
B,TT,2,10,ACGCATTATGTGTACACATTGTGCG,688.0,531.0,27056.0,33404.0
B,TT,2,1,ACGCATTATGTGTTACACATGTGCG,542.0,454.0,37832.0,40364.0
B,TT,2,2,ACGCATTATGTGTTACACATGTGCG,704.0,457.0,32408.0,30440.0
B,TT,2,3,ACGCATTATGTGTTACACATGTGCG,512.0,473.0,36832.0,33240.0
B,TT,2,4,ACGCATTATGTGTTACACATGTGCG,578.0,501.0,36792.0,28188.0
B,TT,2,5,ACGCATTATGTGTTACACATGTGCG,615.0,578.0,34911.0,32411.0
B,TT,2,6,ACGCATTATGTGTTACACATGTGCG,643.0,540.0,40348.0,41233.0
B,TT,2,7,ACGCATTATGTGTTACACATGTGCG,581.0,519.0,33730.0,38281.0
B,TT,2,8,ACGCATTATGTGTTACACATGTGCG,648.0,547.0,35833.0,37763.0
B,TT,2,9,ACGCATTATGTGTTACACATGTGCG,639.0,469.0,31881.0,28733.0
B,TT,2,10,ACGCATTATGTGTTACACATGTGCG,588.0,414.0,37039.0,37174.0
B,TT,3,1,ACGCATTATGTGTTACACATTGTGC,555.0,505.0,36534.0,38672.0
B,TT,3,2,ACGCATTATGTGTTACACATTGTGC,482.0,535.0,34698.0,41698.0
B,TT,3,3,ACGCATTATGTGTTACACATTGTGC,692.0,380.0,40841.0,35952.0
B,TT,3,4,ACGCATTATGTGTTACACATTGTGC,495.0,516.0,39790.0,31041.0
B,TT,3,5,ACGCATTATGTGTTACACATTGTGC,527.0,501.0,39113.0,33763.0
B,TT,3,6,ACGCATTATGTGTTACACATTGTGC,781.0,436.0,33664.0,35987.0
B,TT,3,7,ACGCATTATGTGTTACACATTGTGC,520.0,509.0,40055.0,37713.0
B,TT,3,8,ACGCATTATGTGTTACACATTGTGC,583.0,581.0,35003.0,37425.0
B,TT,3,9,ACGCATTATGTGTTACACATTGTGC,840.0,499.0,33891.0,38373.0
B,TT,3,10,ACGCATTATGTGTTACACATTGTGC,517.0,421.0,37003.0,42584.0
C,CC,1,1,GTACGCCACGTATATATACGTACGC,530.0,437.0,34039.0,34929.0
C,CC,1,2,GTACGCCACGTATATATACGTACGC,758.0,476.0,34459.0,27476.0
C,CC,1,3,GTACGCCACGTATATATACGTACGC,504.0,472.0,41120.0,29153.0
C,CC,1,4,GTACGCCACGTATATATACGTACGC,544.0,502.0,35295.0,31534.0
C,CC,1,5,GTACGCCACGTATATATACGTACGC,695.0,496.0,29979.0,28889.0
C,CC,1,6,GTACGCCACGTATATATACGTACGC,549.0,465.0,40009.0,35612.0
C,CC,1,7,GTACGCCACGTATATATACGTACGC,512.0,608.0,34193.0,35599.0
C,CC,1,8,GTACGCCACGTATATATACGTACGC,537.0,520.0,39135.0,34058.0
C,CC,1,9,GTACGCCACGTATATATACGTACGC,569.0,534.0,34856.0,31036.0
C,CC,1,10,GTACGCCACGTATATATACGTACGC,584.0,524.0,30995.0,28264.0
C,CC,1,1,GTACGTACGTACCATATACGTACGC,554.0,405.0,31352.0,27294.0
C,CC,1,2,GTACGTACGTACCATATACGTACGC,952.0,451.0,24178.0,23708.0
C,CC,1,3,GTACGTACGTACCATATACGTACGC,721.0,417.0,18518.0,17065.0
C,CC,1,4,GTACGTACGTACCATATACGTACGC,546.0,562.0,30122.0,35183.0
C,CC,1,5,GTACGTACGTACCATATACGTACGC,930.0,585.0,26917.0,17153.0
C,CC,1,6,GTACGTACGTACCATATACGTACGC,596.0,547.0,28108.0,27691.0
C,CC,1,7,GTACGTACGTACCATATACGTACGC,525.0,460.0,31746.0,25931.0
C,CC,1,8,GTACGTACGTACCATATACGTACGC,621.0,494.0,26510.0,21421.0
C,CC,1,9,GTACGTACGTACCATATACGTACGC,614.0,465.0,30239.0,30272.0
C,CC,1,10,GTACGTACGTACCATATACGTACGC,578.0,519.0,25832.0,23656.0
C,CC,1,1,GTACGTACGTATATATACCGTACGC,523.0,486.0,25593.0,21145.0
C,CC,1,2,GTACGTACGTATATATACCGTACGC,514.0,533.0,25652.0,23682.0
C,CC,1,3,GTACGTACGTATATATACCGTACGC,555.0,554.0,21313.0,16874.0
C,CC,1,4,GTACGTACGTATATATACCGTACGC,574.0,426.0,26893.0,23694.0
C,CC,1,5,GTACGTACGTATATATACCGTACGC,546.0,494.0,24843.0,21312.0
C,CC,1,6,GTACGTACGTATATATACCGTACGC,532.0,509.0,26852.0,24481.0
C,CC,1,7,GTACGTACGTATATATACCGTACGC,554.0,504.0,15402.0,20805.0
C,CC,1,8,GTACGTACGTATATATACCGTACGC,498.0,500.0,27031.0,21581.0
C,CC,1,9,GTACGTACGTATATATACCGTACGC,537.0,465.0,23102.0,22622.0
C,CC,1,10,GTACGTACGTATATATACCGTACGC,533.0,587.0,25631.0,24176.0
C,CC,2,1,GTACGCCACGTACCATATACGTACG,586.0,452.0,37054.0,22963.0
C,CC,2,2,GTACGCCACGTACCATATACGTACG,870.0,485.0,31542.0,28072.0
C,CC,2,3,GTACGCCACGTACCATATACGTACG,579.0,445.0,34093.0,32811.0
C,CC,2,4,GTACGCCACGTACCATATACGTACG,572.0,526.0,34175.0,28001.0
C,CC,2,5,GTACGCCACGTACCATATACGTACG,492.0,561.0,33915.0,30468.0
C,CC,2,6,GTACGCCACGTACCATATACGTACG,594.0,441.0,38738.0,26084.0
C,CC,2,7,GTACGCCACGTACCATATACGTACG,635.0,501.0,31150.0,25775.0
C,CC,2,8,GTACGCCACGTACCATATACGTACG,510.0,461.0,37767.0,31012.0
C,CC,2,9,GTACGCCACGTACCATATACGTACG,607.0,432.0,32641.0,26586.0
C,CC,2,10,GTACGCCACGTACCATATACGTACG,488.0,481.0,33775.0,32193.0
C,CC,2,1,GTACGCCACGTATATATACCGTACG,536.0,620.0,22688.0,25225.0
C,CC,2,2,GTACGCCACGTATATATACCGTACG,541.0,483.0,35048.0,32729.0
C,CC,2,3,GTACGCCACGTATATATACCGTACG,527.0,544.0,38570.0,30737.0
C,CC,2,4,GTACGCCACGTATATATACCGTACG,529.0,587.0,27573.0,29307.0
C,CC,2,5,GTACGCCACGTATATATACCGTACG,562.0,459.0,37838.0,36391.0
C,CC,2,6,GTACGCCACGTATATATACCGTACG,539.0,504.0,25486.0,23087.0
C,CC,2,7,GTACGCCACGTATATATACCGTACG,513.0,451.0,37130.0,30404.0
C,CC,2,8,GTACGCCACGTATATATACCGTACG,526.0,477.0,31319.0,28081.0
C,CC,2,9,GTACGCCACGTATATATACCGTACG,601.0,524.0,32741.0,31081.0
C,CC,2,10,GTACGCCACGTATATATACCGTACG,492.0,491.0,27646.0,22556.0
C,CC,2,1,GTACGTACGTACCATATACCGTACG,576.0,438.0,26446.0,20840.0
C,CC,2,2,GTACGTACGTACCATATACCGTACG,552.0,564.0,23130.0,27994.0
C,CC,2,3,GTACGTACGTACCATATACCGTACG,597.0,444.0,29201.0,25375.0
C,CC,2,4,GTACGTACGTACCATATACCGTACG,518.0,445.0,26794.0,27965.0
C,CC,2,5,GTACGTACGTACCATATACCGTACG,890.0,459.0,20874.0,16650.0
C,CC,2,6,GTACGTACGTACCATATACCGTACG,651.0,546.0,25987.0,19742.0
C,CC,2,7,GTACGTACGTACCATATACCGTACG,533.0,539.0,25678.0,25646.0
C,CC,2,8,GTACGTACGTACCATATACCGTACG,627.0,597.0,22450.0,24236.0
C,CC,2,9,GTACGTACGTACCATATACCGTACG,543.0,496.0,28239.0,25589.0
C,CC,2,10,GTACGTACGTACCATATACCGTACG,482.0,478.0,28084.0,23499.0
C,CC,3,1,GTACGCCACGTACCATATACCGTAC,471.0,470.0,33699.0,27910.0
C,CC,3,2,GTACGCCACGTACCATATACCGTAC,529.0,496.0,31150.0,24092.0
C,CC,3,3,GTACGCCACGTACCATATACCGTAC,478.0,494.0,34713.0,39071.0
C,CC,3,4,GTACGCCACGTACCATATACCGTAC,510.0,554.0,34945.0,25144.0
C,CC,3,5,GTACGCCACGTACCATATACCGTAC,577.0,484.0,36307.0,28797.0
C,CC,3,6,GTACGCCACGTACCATATACCGTAC,720.0,512.0,28097.0,19747.0
C,CC,3,7,GTACGCCACGTACCATATACCGTAC,1214.0,501.0,31875.0,22150.0
C,CC,3,8,GTACGCCACGTACCATATACCGTAC,571.0,486.0,38973.0,34839.0
C,CC,3,9,GTACGCCACGTACCATATACCGTAC,623.0,504.0,30786.0,33613.0
C,CC,3,10,GTACGCCACGTACCATATACCGTAC,592.0,590.0,27393.0,27457.0
C,CT,1,1,GTACGCTACGTATATATACGTACGC,604.0,551.0,25847.0,27084.0
C,CT,1,2,GTACGCTACGTATATATACGTACGC,565.0,614.0,19136.0,19856.0
C,CT,1,3,GTACGCTACGTATATATACGTACGC,570.0,523.0,30595.0,34355.0
C,CT,1,4,GTACGCTACGTATATATACGTACGC,453.0,543.0,27081.0,33968.0
C,CT,1,5,GTACGCTACGTATATATACGTACGC,492.0,467.0,30546.0,25622.0
C,CT,1,6,GTACGCTACGTATATATACGTACGC,774.0,505.0,25981.0,30435.0
C,CT,1,7,GTACGCTACGTATATATACGTACGC,607.0,547.0,26554.0,30299.0
C,CT,1,8,GTACGCTACGTATATATACGTACGC,488.0,467.0,24535.0,22195.0
C,CT,1,9,GTACGCTACGTATATATACGTACGC,701.0,399.0,16609.0,24932.0
C,CT,1,10,GTACGCTACGTATATATACGTACGC,473.0,459.0,27581.0,27954.0
C,CT,1,1,GTACGTACGTACTATATACGTACGC,561.0,622.0,21190.0,21221.0
C,CT,1,2,GTACGTACGTACTATATACGTACGC,604.0,605.0,33072.0,28792.0
C,CT,1,3,GTACGTACGTACTATATACGTACGC,776.0,552.0,23382.0,24477.0
C,CT,1,4,GTACGTACGTACTATATACGTACGC,590.0,479.0,30682.0,27285.0
C,CT,1,5,GTACGTACGTACTATATACGTACGC,702.0,548.0,27753.0,27260.0
C,CT,1,6,GTACGTACGTACTATATACGTACGC,571.0,525.0,28518.0,25692.0
C,CT,1,7,GTACGTACGTACTATATACGTACGC,811.0,431.0,34145.0,24751.0
C,CT,1,8,GTACGTACGTACTATATACGTACGC,499.0,518.0,26255.0,31808.0
C,CT,1,9,GTACGTACGTACTATATACGTACGC,916.0,498.0,27094.0,28674.0
C,CT,1,10,GTACGTACGTACTATATACGTACGC,542.0,617.0,16551.0,20735.0
C,CT,1,1,GTACGTACGTATATATACTGTACGC,924.0,552.0,22124.0,25051.0
C,CT,1,2,GTACGTACGTATATATACTGTACGC,974.0,484.0,,25764.0
C,CT,1,3,GTACGTACGTATATATACTGTACGC,560.0,495.0,26207.0,22185.0
C,CT,1,4,GTACGTACGTATATATACTGTACGC,616.0,479.0,22283.0,20518.0
C,CT,1,5,GTACGTACGTATATATACTGTACGC,544.0,484.0,19453.0,20914.0
C,CT,1,6,GTACGTACGTATATATACTGTACGC,557.0,458.0,27805.0,24585.0
C,CT,1,7,GTACGTACGTATATATACTGTACGC,479.0,526.0,24719.0,22155.0
C,CT,1,8,GTACGTACGTATATATACTGTACGC,603.0,454.0,25659.0,27051.0
C,CT,1,9,GTACGTACGTATATATACTGTACGC,555.0,484.0,31753.0,21631.0
C,CT,1,10,GTACGTACGTATATATACTGTACGC,682.0,495.0,20665.0,22060.0
C,CT,2,1,GTACGCTACGTACTATATACGTACG,526.0,474.0,26596.0,
C,CT,2,2,GTACGCTACGTACTATATACGTACG,522.0,543.0,26295.0,22470.0
C,CT,2,3,GTACGCTACGTACTATATACGTACG,506.0,506.0,33478.0,26718.0
C,CT,2,4,GTACGCTACGTACTATATACGTACG,596.0,523.0,28159.0,26549.0
C,CT,2,5,GTACGCTACGTACTATATACGTACG,747.0,465.0,29329.0,28791.0
C,CT,2,6,GTACGCTACGTACTATATACGTACG,502.0,525.0,20731.0,22899.0
C,CT,2,7,GTACGCTACGTACTATATACGTACG,592.0,460.0,33696.0,27128.0
C,CT,2,8,GTACGCTACGTACTATATACGTACG,547.0,549.0,28773.0,27446.0
C,CT,2,9,GTACGCTACGTACTATATACGTACG,474.0,485.0,30017.0,
C,CT,2,10,GTACGCTACGTACTATATACGTACG,626.0,508.0,30681.0,26480.0
C,CT,2,1,GTACGCTACGTATATATACTGTACG,583.0,511.0,24512.0,29879.0
C,CT,2,2,GTACGCTACGTATATATACTGTACG,636.0,521.0,25331.0,28786.0
C,CT,2,3,GTACGCTACGTATATATACTGTACG,837.0,484.0,23558.0,20441.0
C,CT,2,4,GTACGCTACGTATATATACTGTACG,694.0,527.0,25617.0,27342.0
C,CT,2,5,GTACGCTACGTATATATACTGTACG,584.0,586.0,26549.0,23485.0
C,CT,2,6,GTACGCTACGTATATATACTGTACG,468.0,568.0,25121.0,22341.0
C,CT,2,7,GTACGCTACGTATATATACTGTACG,468.0,487.0,21837.0,25370.0
C,CT,2,8,GTACGCTACGTATATATACTGTACG,954.0,463.0,24845.0,22102.0
C,CT,2,9,GTACGCTACGTATATATACTGTACG,529.0,616.0,32010.0,27399.0
C,CT,2,10,GTACGCTACGTATATATACTGTACG,595.0,488.0,19452.0,18594.0
C,CT,2,1,GTACGTACGTACTATATACTGTACG,690.0,517.0,22575.0,21403.0
C,CT,2,2,GTACGTACGTACTATATACTGTACG,926.0,574.0,25257.0,16108.0
C,CT,2,3,GTACGTACGTACTATATACTGTACG,563.0,475.0,23865.0,21539.0
C,CT,2,4,GTACGTACGTACTATATACTGTACG,900.0,496.0,23358.0,21901.0
C,CT,2,5,GTACGTACGTACTATATACTGTACG,522.0,506.0,19721.0,21745.0
C,CT,2,6,GTACGTACGTACTATATACTGTACG,541.0,478.0,27033.0,28212.0
C,CT,2,7,GTACGTACGTACTATATACTGTACG,568.0,482.0,25283.0,19304.0
C,CT,2,8,GTACGTACGTACTATATACTGTACG,561.0,483.0,24005.0,22526.0
C,CT,2,9,GTACGTACGTACTATATACTGTACG,547.0,532.0,25097.0,28737.0
C,CT,2,10,GTACGTACGTACTATATACTGTACG,570.0,541.0,22304.0,25407.0
C,CT,3,1,GTACGCTACGTACTATATACTGTAC,582.0,518.0,24795.0,26314.0
C,CT,3,2,GTACGCTACGTACTATATACTGTAC,605.0,453.0,31989.0,23870.0
C,CT,3,3,GTACGCTACGTACTATATACTGTAC,546.0,504.0,24739.0,27699.0
C,CT,3,4,GTACGCTACGTACTATATACTGTAC,640.0,433.0,25553.0,24860.0
C,CT,3,5,GTACGCTACGTACTATATACTGTAC,546.0,531.0,27993.0,24058.0
C,CT,3,6,GTACGCTACGTACTATATACTGTAC,495.0,527.0,28352.0,27237.0
C,CT,3,7,GTACGCTACGTACTATATACTGTAC,566.0,483.0,25474.0,26489.0
C,CT,3,8,GTACGCTACGTACTATATACTGTAC,668.0,515.0,27316.0,28354.0
C,CT,3,9,GTACGCTACGTACTATATACTGTAC,626.0,536.0,26890.0,22948.0
C,CT,3,10,GTACGCTACGTACTATATACTGTAC,681.0,439.0,25558.0,29069.0
C,No_PyDi,0,1,GTACGTACGTATATATACGTACGTA,641.0,617.0,21130.0,27177.0
C,No_PyDi,0,2,GTACGTACGTATATATACGTACGTA,583.0,517.0,30224.0,25208.0
C,No_PyDi,0,3,GTACGTACGTATATATACGTACGTA,523.0,513.0,23907.0,27716.0
C,No_PyDi,0,4,GTACGTACGTATATATACGTACGTA,525.0,454.0,28089.0,31738.0
C,No_PyDi,0,5,GTACGTACGTATATATACGTACGTA,643.0,436.0,28127.0,22166.0
C,No_PyDi,0,6,GTACGTACGTATATATACGTACGTA,655.0,544.0,27436.0,23419.0
C,No_PyDi,0,7,GTACGTACGTATATATACGTACGTA,685.0,567.0,22376.0,29393.0
C,No_PyDi,0,8,GTACGTACGTATATATACGTACGTA,517.0,576.0,23565.0,23541.0
C,No_PyDi,0,9,GTACGTACGTATATATACGTACGTA,616.0,524.0,26808.0,27025.0
C,No_PyDi,0,10,GTACGTACGTATATATACGTACGTA,809.0,514.0,26371.0,26739.0
C,TC,1,1,GTACGTACGTATATATATCGTACGC,632.0,440.0,26122.0,26378.0
C,TC,1,2,GTACGTACGTATATATATCGTACGC,529.0,444.0,27681.0,26509.0
C,TC,1,3,GTACGTACGTATATATATCGTACGC,514.0,529.0,26133.0,22101.0
C,TC,1,4,GTACGTACGTATATATATCGTACGC,766.0,538.0,23007.0,20660.0
C,TC,1,5,GTACGTACGTATATATATCGTACGC,607.0,505.0,30102.0,22906.0
C,TC,1,6,GTACGTACGTATATATATCGTACGC,940.0,462.0,23310.0,23771.0
C,TC,1,7,GTACGTACGTATATATATCGTACGC,608.0,509.0,29116.0,24854.0
C,TC,1,8,GTACGTACGTATATATATCGTACGC,732.0,455.0,26522.0,22606.0
C,TC,1,9,GTACGTACGTATATATATCGTACGC,802.0,569.0,28681.0,24791.0
C,TC,1,10,GTACGTACGTATATATATCGTACGC,773.0,564.0,27922.0,27466.0
C,TC,1,1,GTACGTACGTATCATATACGTACGC,547.0,481.0,43022.0,45398.0
C,TC,1,2,GTACGTACGTATCATATACGTACGC,552.0,459.0,41985.0,38841.0
C,TC,1,3,GTACGTACGTATCATATACGTACGC,549.0,473.0,42401.0,43827.0
C,TC,1,4,GTACGTACGTATCATATACGTACGC,952.0,472.0,,36588.0
C,TC,1,5,GTACGTACGTATCATATACGTACGC,580.0,509.0,43913.0,40453.0
C,TC,1,6,GTACGTACGTATCATATACGTACGC,615.0,480.0,41177.0,31146.0
C,TC,1,7,GTACGTACGTATCATATACGTACGC,561.0,601.0,28110.0,43454.0
C,TC,1,8,GTACGTACGTATCATATACGTACGC,987.0,468.0,37679.0,36455.0
C,TC,1,9,GTACGTACGTATCATATACGTACGC,534.0,406.0,52358.0,41199.0
C,TC,1,10,GTACGTACGTATCATATACGTACGC,453.0,506.0,44460.0,35326.0
C,TC,1,1,GTACGTCACGTATATATACGTACGC,761.0,543.0,41096.0,30401.0
C,TC,1,2,GTACGTCACGTATATATACGTACGC,944.0,478.0,36696.0,28834.0
C,TC,1,3,GTACGTCACGTATATATACGTACGC,541.0,520.0,50366.0,39355.0
C,TC,1,4,GTACGTCACGTATATATACGTACGC,474.0,417.0,34786.0,34429.0
C,TC,1,5,GTACGTCACGTATATATACGTACGC,566.0,466.0,43553.0,33010.0
C,TC,1,6,GTACGTCACGTATATATACGTACGC,572.0,471.0,46227.0,43974.0
C,TC,1,7,GTACGTCACGTATATATACGTACGC,515.0,528.0,41268.0,40086.0
C,TC,1,8,GTACGTCACGTATATATACGTACGC,525.0,551.0,33278.0,25534.0
C,TC,1,9,GTACGTCACGTATATATACGTACGC,616.0,438.0,44343.0,42004.0
C,TC,1,10,GTACGTCACGTATATATACGTACGC,573.0,471.0,51126.0,41581.0
C,TC,2,1,GTACGTACGTATCATATATCGTACG,557.0,558.0,35099.0,34366.0
C,TC,2,2,GTACGTACGTATCATATATCGTACG,641.0,533.0,37253.0,36979.0
C,TC,2,3,GTACGTACGTATCATATATCGTACG,511.0,420.0,43749.0,39915.0
C,TC,2,4,GTACGTACGTATCATATATCGTACG,535.0,520.0,43936.0,38430.0
C,TC,2,5,GTACGTACGTATCATATATCGTACG,539.0,552.0,28718.0,32514.0
C,TC,2,6,GTACGTACGTATCATATATCGTACG,536.0,438.0,39409.0,32518.0
C,TC,2,7,GTACGTACGTATCATATATCGTACG,528.0,539.0,27551.0,30385.0
C,TC,2,8,GTACGTACGTATCATATATCGTACG,556.0,465.0,39103.0,32955.0
C,TC,2,9,GTACGTACGTATCATATATCGTACG,828.0,513.0,29079.0,20074.0
C,TC,2,10,GTACGTACGTATCATATATCGTACG,641.0,543.0,45400.0,41462.0
C,TC,2,1,GTACGTCACGTATATATATCGTACG,635.0,507.0,33704.0,23225.0
C,TC,2,2,GTACGTCACGTATATATATCGTACG,544.0,475.0,43154.0,39919.0
C,TC,2,3,GTACGTCACGTATATATATCGTACG,532.0,537.0,45295.0,36366.0
C,TC,2,4,GTACGTCACGTATATATATCGTACG,513.0,464.0,48581.0,65535.0
C,TC,2,5,GTACGTCACGTATATATATCGTACG,724.0,429.0,34198.0,29506.0
C,TC,2,6,GTACGTCACGTATATATATCGTACG,547.0,549.0,38500.0,48001.0
C,TC,2,7,GTACGTCACGTATATATATCGTACG,565.0,565.0,39575.0,36623.0
C,TC,2,8,GTACGTCACGTATATATATCGTACG,502.0,549.0,37946.0,38459.0
C,TC,2,9,GTACGTCACGTATATATATCGTACG,495.0,539.0,31733.0,29869.0
C,TC,2,10,GTACGTCACGTATATATATCGTACG,519.0,498.0,41526.0,46032.0
C,TC,2,1,GTACGTCACGTATCATATACGTACG,668.0,468.0,45956.0,44045.0
C,TC,2,2,GTACGTCACGTATCATATACGTACG,555.0,495.0,49665.0,44060.0
C,TC,2,3,GTACGTCACGTATCATATACGTACG,554.0,560.0,35482.0,35629.0
C,TC,2,4,GTACGTCACGTATCATATACGTACG,491.0,483.0,44157.0,43943.0
C,TC,2,5,GTACGTCACGTATCATATACGTACG,581.0,469.0,41750.0,27132.0
C,TC,2,6,GTACGTCACGTATCATATACGTACG,539.0,495.0,53800.0,45727.0
C,TC,2,7,GTACGTCACGTATCATATACGTACG,743.0,450.0,36424.0,29953.0
C,TC,2,8,GTACGTCACGTATCATATACGTACG,538.0,467.0,46677.0,43563.0
C,TC,2,9,GTACGTCACGTATCATATACGTACG,498.0,473.0,51180.0,43544.0
C,TC,2,10,GTACGTCACGTATCATATACGTACG,479.0,520.0,46595.0,47178.0
C,TC,3,1,GTACGTCACGTATCATATATCGTAC,501.0,449.0,34718.0,43398.0
C,TC,3,2,GTACGTCACGTATCATATATCGTAC,550.0,580.0,39122.0,39225.0
C,TC,3,3,GTACGTCACGTATCATATATCGTAC,635.0,540.0,47032.0,42882.0
C,TC,3,4,GTACGTCACGTATCATATATCGTAC,580.0,488.0,42032.0,39725.0
C,TC,3,5,GTACGTCACGTATCATATATCGTAC,472.0,490.0,51066.0,43276.0
C,TC,3,6,GTACGTCACGTATCATATATCGTAC,702.0,429.0,37944.0,26843.0
C,TC,3,7,GTACGTCACGTATCATATATCGTAC,488.0,515.0,50729.0,50018.0
C,TC,3,8,GTACGTCACGTATCATATATCGTAC,551.0,487.0,34480.0,31813.0
C,TC,3,9,GTACGTCACGTATCATATATCGTAC,505.0,458.0,49256.0,48575.0
C,TC,3,10,GTACGTCACGTATCATATATCGTAC,704.0,456.0,44118.0,33960.0
C,TT,1,1,GTACGTACGTATATATATTGTACGC,568.0,524.0,22068.0,19594.0
C,TT,1,2,GTACGTACGTATATATATTGTACGC,647.0,583.0,22724.0,23632.0
C,TT,1,3,GTACGTACGTATATATATTGTACGC,537.0,535.0,18960.0,25826.0
C,TT,1,4,GTACGTACGTATATATATTGTACGC,561.0,456.0,30218.0,22768.0
C,TT,1,5,GTACGTACGTATATATATTGTACGC,475.0,460.0,22872.0,18593.0
C,TT,1,6,GTACGTACGTATATATATTGTACGC,526.0,493.0,23797.0,21585.0
C,TT,1,7,GTACGTACGTATATATATTGTACGC,490.0,499.0,26625.0,21748.0
C,TT,1,8,GTACGTACGTATATATATTGTACGC,588.0,596.0,18984.0,24006.0
C,TT,1,9,GTACGTACGTATATATATTGTACGC,562.0,600.0,21397.0,21633.0
C,TT,1,10,GTACGTACGTATATATATTGTACGC,931.0,457.0,20634.0,18094.0
C,TT,1,1,GTACGTACGTATTATATACGTACGC,523.0,528.0,22434.0,24465.0
C,TT,1,2,GTACGTACGTATTATATACGTACGC,507.0,433.0,36138.0,28377.0
C,TT,1,3,GTACGTACGTATTATATACGTACGC,609.0,495.0,33143.0,33049.0
C,TT,1,4,GTACGTACGTATTATATACGTACGC,549.0,532.0,32584.0,32006.0
C,TT,1,5,GTACGTACGTATTATATACGTACGC,833.0,494.0,35906.0,27736.0
C,TT,1,6,GTACGTACGTATTATATACGTACGC,526.0,486.0,33286.0,30108.0
C,TT,1,7,GTACGTACGTATTATATACGTACGC,649.0,523.0,28367.0,33676.0
C,TT,1,8,GTACGTACGTATTATATACGTACGC,756.0,543.0,30067.0,22114.0
C,TT,1,9,GTACGTACGTATTATATACGTACGC,703.0,550.0,35958.0,36506.0
C,TT,1,10,GTACGTACGTATTATATACGTACGC,504.0,473.0,30850.0,37813.0
C,TT,1,1,GTACGTTACGTATATATACGTACGC,532.0,519.0,34554.0,34296.0
C,TT,1,2,GTACGTTACGTATATATACGTACGC,728.0,510.0,33291.0,28245.0
C,TT,1,3,GTACGTTACGTATATATACGTACGC,509.0,506.0,36309.0,31630.0
C,TT,1,4,GTACGTTACGTATATATACGTACGC,636.0,519.0,25099.0,21202.0
C,TT,1,5,GTACGTTACGTATATATACGTACGC,567.0,487.0,32555.0,28121.0
C,TT,1,6,GTACGTTACGTATATATACGTACGC,586.0,575.0,29980.0,25680.0
C,TT,1,7,GTACGTTACGTATATATACGTACGC,765.0,483.0,31081.0,21241.0
C,TT,1,8,GTACGTTACGTATATATACGTACGC,571.0,551.0,34111.0,20171.0
C,TT,1,9,GTACGTTACGTATATATACGTACGC,442.0,520.0,32110.0,25086.0
C,TT,1,10,GTACGTTACGTATATATACGTACGC,617.0,485.0,32657.0,30832.0
C,TT,2,1,GTACGTACGTATTATATATTGTACG,618.0,497.0,30579.0,32295.0
C,TT,2,2,GTACGTACGTATTATATATTGTACG,585.0,617.0,22183.0,26264.0
C,TT,2,3,GTACGTACGTATTATATATTGTACG,510.0,503.0,24581.0,25974.0
C,TT,2,4,GTACGTACGTATTATATATTGTACG,546.0,449.0,28050.0,27260.0
C,TT,2,5,GTACGTACGTATTATATATTGTACG,737.0,605.0,24253.0,23696.0
C,TT,2,6,GTACGTACGTATTATATATTGTACG,560.0,519.0,27616.0,25038.0
C,TT,2,7,GTACGTACGTATTATATATTGTACG,494.0,452.0,28117.0,25122.0
C,TT,2,8,GTACGTACGTATTATATATTGTACG,521.0,483.0,25757.0,20301.0
C,TT,2,9,GTACGTACGTATTATATATTGTACG,568.0,521.0,23143.0,29921.0
C,TT,2,10,GTACGTACGTATTATATATTGTACG,536.0,568.0,27222.0,29870.0
C,TT,2,1,GTACGTTACGTATATATATTGTACG,494.0,488.0,22259.0,18605.0
C,TT,2,2,GTACGTTACGTATATATATTGTACG,498.0,625.0,26340.0,25330.0
C,TT,2,3,GTACGTTACGTATATATATTGTACG,558.0,514.0,24631.0,22862.0
C,TT,2,4,GTACGTTACGTATATATATTGTACG,533.0,486.0,26279.0,25899.0
C,TT,2,5,GTACGTTACGTATATATATTGTACG,775.0,493.0,27787.0,24945.0
C,TT,2,6,GTACGTTACGTATATATATTGTACG,519.0,508.0,25183.0,24875.0
C,TT,2,7,GTACGTTACGTATATATATTGTACG,592.0,566.0,24492.0,28679.0
C,TT,2,8,GTACGTTACGTATATATATTGTACG,843.0,472.0,25468.0,22424.0
C,TT,2,9,GTACGTTACGTATATATATTGTACG,653.0,572.0,24205.0,31006.0
C,TT,2,10,GTACGTTACGTATATATATTGTACG,517.0,468.0,27340.0,22486.0
C,TT,2,1,GTACGTTACGTATTATATACGTACG,545.0,580.0,40293.0,39261.0
C,TT,2,2,GTACGTTACGTATTATATACGTACG,561.0,530.0,32806.0,28181.0
C,TT,2,3,GTACGTTACGTATTATATACGTACG,541.0,474.0,34849.0,26882.0
C,TT,2,4,GTACGTTACGTATTATATACGTACG,769.0,483.0,29046.0,22710.0
C,TT,2,5,GTACGTTACGTATTATATACGTACG,469.0,499.0,34523.0,28660.0
C,TT,2,6,GTACGTTACGTATTATATACGTACG,694.0,508.0,31527.0,33597.0
C,TT,2,7,GTACGTTACGTATTATATACGTACG,584.0,439.0,38536.0,29273.0
C,TT,2,8,GTACGTTACGTATTATATACGTACG,533.0,479.0,33477.0,27777.0
C,TT,2,9,GTACGTTACGTATTATATACGTACG,1124.0,490.0,27644.0,21696.0
C,TT,2,10,GTACGTTACGTATTATATACGTACG,507.0,535.0,35979.0,30269.0
C,TT,3,1,GTACGTTACGTATTATATATTGTAC,561.0,490.0,33303.0,29736.0
C,TT,3,2,GTACGTTACGTATTATATATTGTAC,622.0,538.0,30471.0,27600.0
C,TT,3,3,GTACGTTACGTATTATATATTGTAC,604.0,480.0,33095.0,31542.0
C,TT,3,4,GTACGTTACGTATTATATATTGTAC,533.0,494.0,30560.0,28483.0
C,TT,3,5,GTACGTTACGTATTATATATTGTAC,824.0,492.0,30286.0,24281.0
C,TT,3,6,GTACGTTACGTATTATATATTGTAC,563.0,555.0,31814.0,30576.0
C,TT,3,7,GTACGTTACGTATTATATATTGTAC,557.0,547.0,33537.0,30339.0
C,TT,3,8,GTACGTTACGTATTATATATTGTAC,922.0,518.0,28040.0,24890.0
C,TT,3,9,GTACGTTACGTATTATATATTGTAC,588.0,510.0,35167.0,36011.0
C,TT,3,10,GTACGTTACGTATTATATATTGTAC,539.0,477.0,16811.0,22351.0
