Sequence_Set,Group,Count,Sequence_Replicate,Sequence,UVDDB_r1
A,CT,0,1,GTATGTACGCACGTGCGTACATACG,18941
A,CT,0,3,GTATGTACGCACGTGCGTACATACG,23787
A,CT,0,4,GTATGTACGCACGTGCGTACATACG,24611
A,CT,0,5,GTATGTACGCACGTGCGTACATACG,12603
A,CT,0,6,GTATGTACGCACGTGCGTACATACG,17802
A,CT,0,7,GTATGTACGCACGTGCGTACATACG,20499
A,CT,0,8,GTATGTACGCACGTGCGTACATACG,16845
A,CT,0,9,GTATGTACGCACGTGCGTACATACG,24154
A,CT,0,10,GTATGTACGCACGTGCGTACATACG,18826
A,CT,1,1,GTATGCTACGCACGTGCGTACATAC,26640
A,CT,1,2,GTATGCTACGCACGTGCGTACATAC,23842
A,CT,1,3,GTATGCTACGCACGTGCGTACATAC,18428
A,CT,1,4,GTATGCTACGCACGTGCGTACATAC,20247
A,CT,1,5,GTATGCTACGCACGTGCGTACATAC,22281
A,CT,1,6,GTATGCTACGCACGTGCGTACATAC,21098
A,CT,1,7,GTATGCTACGCACGTGCGTACATAC,21470
A,CT,1,8,GTATGCTACGCACGTGCGTACATAC,25684
A,CT,1,9,GTATGCTACGCACGTGCGTACATAC,22101
A,CT,1,10,GTATGCTACGCACGTGCGTACATAC,22852
A,CT,1,1,GTATGTACGCACGTGCGCTACATAC,20274
A,CT,1,2,GTATGTACGCACGTGCGCTACATAC,20042
A,CT,1,3,GTATGTACGCACGTGCGCTACATAC,20778
A,CT,1,4,GTATGTACGCACGTGCGCTACATAC,19739
A,CT,1,5,GTATGTACGCACGTGCGCTACATAC,19646
A,CT,1,6,GTATGTACGCACGTGCGCTACATAC,16859
A,CT,1,7,GTATGTACGCACGTGCGCTACATAC,19421
A,CT,1,8,GTATGTACGCACGTGCGCTACATAC,21533
A,CT,1,9,GTATGTACGCACGTGCGCTACATAC,19817
A,CT,1,10,GTATGTACGCACGTGCGCTACATAC,23048
A,CT,1,1,GTATGTACGCACTGTGCGTACATAC,23958
A,CT,1,2,GTATGTACGCACTGTGCGTACATAC,20988
A,CT,1,3,GTATGTACGCACTGTGCGTACATAC,25265
A,CT,1,4,GTATGTACGCACTGTGCGTACATAC,22274
A,CT,1,5,GTATGTACGCACTGTGCGTACATAC,18943
A,CT,1,6,GTATGTACGCACTGTGCGTACATAC,23509
A,CT,1,7,GTATGTACGCACTGTGCGTACATAC,20804
A,CT,1,8,GTATGTACGCACTGTGCGTACATAC,21876
A,CT,1,9,GTATGTACGCACTGTGCGTACATAC,18601
A,CT,1,10,GTATGTACGCACTGTGCGTACATAC,18406
A,CT,2,1,GTATGCTACGCACGTGCGCTACATA,23055
A,CT,2,2,GTATGCTACGCACGTGCGCTACATA,20357
A,CT,2,3,GTATGCTACGCACGTGCGCTACATA,25950
A,CT,2,4,GTATGCTACGCACGTGCGCTACATA,22125
A,CT,2,5,GTATGCTACGCACGTGCGCTACATA,22637
A,CT,2,6,GTATGCTACGCACGTGCGCTACATA,22361
A,CT,2,7,GTATGCTACGCACGTGCGCTACATA,21584
A,CT,2,8,GTATGCTACGCACGTGCGCTACATA,22062
A,CT,2,9,GTATGCTACGCACGTGCGCTACATA,22180
A,CT,2,10,GTATGCTACGCACGTGCGCTACATA,21241
A,CT,2,1,GTATGCTACGCACTGTGCGTACATA,20722
A,CT,2,2,GTATGCTACGCACTGTGCGTACATA,23749
A,CT,2,3,GTATGCTACGCACTGTGCGTACATA,21801
A,CT,2,4,GTATGCTACGCACTGTGCGTACATA,22245
A,CT,2,5,GTATGCTACGCACTGTGCGTACATA,23257
A,CT,2,6,GTATGCTACGCACTGTGCGTACATA,27555
A,CT,2,7,GTATGCTACGCACTGTGCGTACATA,21918
A,CT,2,8,GTATGCTACGCACTGTGCGTACATA,24552
A,CT,2,9,GTATGCTACGCACTGTGCGTACATA,20082
A,CT,2,10,GTATGCTACGCACTGTGCGTACATA,25694
A,CT,2,1,GTATGTACGCACTGTGCGCTACATA,22603
A,CT,2,2,GTATGTACGCACTGTGCGCTACATA,18062
A,CT,2,3,GTATGTACGCACTGTGCGCTACATA,21822
A,CT,2,4,GTATGTACGCACTGTGCGCTACATA,24119
A,CT,2,5,GTATGTACGCACTGTGCGCTACATA,22407
A,CT,2,6,GTATGTACGCACTGTGCGCTACATA,17578
A,CT,2,7,GTATGTACGCACTGTGCGCTACATA,9497
A,CT,2,8,GTATGTACGCACTGTGCGCTACATA,21988
A,CT,2,9,GTATGTACGCACTGTGCGCTACATA,22556
A,CT,2,10,GTATGTACGCACTGTGCGCTACATA,15779
A,CT,3,1,GTATGCTACGCACTGTGCGCTACAC,25219
A,CT,3,2,GTATGCTACGCACTGTGCGCTACAC,22575
A,CT,3,3,GTATGCTACGCACTGTGCGCTACAC,21551
A,CT,3,4,GTATGCTACGCACTGTGCGCTACAC,23816
A,CT,3,5,GTATGCTACGCACTGTGCGCTACAC,23385
A,CT,3,6,GTATGCTACGCACTGTGCGCTACAC,8252
A,CT,3,7,GTATGCTACGCACTGTGCGCTACAC,19565
A,CT,3,8,GTATGCTACGCACTGTGCGCTACAC,21596
A,CT,3,9,GTATGCTACGCACTGTGCGCTACAC,24999
A,CT,3,10,GTATGCTACGCACTGTGCGCTACAC,22916
