Sequence_Set,Group,Count,Sequence_Replicate,Sequence,SixFour_NUV
B,TC,0,1,ACGCACATGTGTACACATGTGCGTA,38
B,TC,0,2,ACGCACATGTGTACACATGTGCGTA,39
B,TC,0,3,ACGCACATGTGTACACATGTGCGTA,39
B,TC,0,4,ACGCACATGTGTACACATGTGCGTA,34
B,TC,0,5,ACGCACATGTGTACACATGTGCGTA,36
B,TC,0,6,ACGCACATGTGTACACATGTGCGTA,43
B,TC,0,7,ACGCACATGTGTACACATGTGCGTA,45
B,TC,0,8,ACGCACATGTGTACACATGTGCGTA,37
B,TC,0,9,ACGCACATGTGTACACATGTGCGTA,48
B,TC,0,10,ACGCACATGTGTACACATGTGCGTA,35
B,TC,1,1,ACGCACATGTGTACACATCGTGCGC,37
B,TC,1,2,ACGCACATGTGTACACATCGTGCGC,47
B,TC,1,3,ACGCACATGTGTACACATCGTGCGC,35
B,TC,1,4,ACGCACATGTGTACACATCGTGCGC,40
B,TC,1,5,ACGCACATGTGTACACATCGTGCGC,33
B,TC,1,6,ACGCACATGTGTACACATCGTGCGC,36
B,TC,1,7,ACGCACATGTGTACACATCGTGCGC,34
B,TC,1,8,ACGCACATGTGTACACATCGTGCGC,33
B,TC,1,9,ACGCACATGTGTACACATCGTGCGC,37
B,TC,1,10,ACGCACATGTGTACACATCGTGCGC,36
B,TC,1,1,ACGCACATGTGTCACACATGTGCGC,30
B,TC,1,2,ACGCACATGTGTCACACATGTGCGC,39
B,TC,1,3,ACGCACATGTGTCACACATGTGCGC,35
B,TC,1,4,ACGCACATGTGTCACACATGTGCGC,38
B,TC,1,5,ACGCACATGTGTCACACATGTGCGC,36
B,TC,1,6,ACGCACATGTGTCACACATGTGCGC,38
B,TC,1,7,ACGCACATGTGTCACACATGTGCGC,44
B,TC,1,8,ACGCACATGTGTCACACATGTGCGC,39
B,TC,1,9,ACGCACATGTGTCACACATGTGCGC,39
B,TC,1,10,ACGCACATGTGTCACACATGTGCGC,39
B,TC,1,1,ACGCATCATGTGTACACATGTGCGC,44
B,TC,1,2,ACGCATCATGTGTACACATGTGCGC,47
B,TC,1,3,ACGCATCATGTGTACACATGTGCGC,49
B,TC,1,4,ACGCATCATGTGTACACATGTGCGC,39
B,TC,1,5,ACGCATCATGTGTACACATGTGCGC,40
B,TC,1,6,ACGCATCATGTGTACACATGTGCGC,43
B,TC,1,7,ACGCATCATGTGTACACATGTGCGC,35
B,TC,1,8,ACGCATCATGTGTACACATGTGCGC,39
B,TC,1,9,ACGCATCATGTGTACACATGTGCGC,36
B,TC,1,10,ACGCATCATGTGTACACATGTGCGC,55
B,TC,2,1,ACGCACATGTGTCACACATCGTGCG,42
B,TC,2,2,ACGCACATGTGTCACACATCGTGCG,39
B,TC,2,3,ACGCACATGTGTCACACATCGTGCG,37
B,TC,2,4,ACGCACATGTGTCACACATCGTGCG,31
B,TC,2,5,ACGCACATGTGTCACACATCGTGCG,43
B,TC,2,6,ACGCACATGTGTCACACATCGTGCG,39
B,TC,2,7,ACGCACATGTGTCACACATCGTGCG,36
B,TC,2,8,ACGCACATGTGTCACACATCGTGCG,28
B,TC,2,9,ACGCACATGTGTCACACATCGTGCG,39
B,TC,2,10,ACGCACATGTGTCACACATCGTGCG,37
B,TC,2,1,ACGCATCATGTGTACACATCGTGCG,44
B,TC,2,2,ACGCATCATGTGTACACATCGTGCG,47
B,TC,2,3,ACGCATCATGTGTACACATCGTGCG,41
B,TC,2,4,ACGCATCATGTGTACACATCGTGCG,39
B,TC,2,5,ACGCATCATGTGTACACATCGTGCG,39
B,TC,2,6,ACGCATCATGTGTACACATCGTGCG,44
B,TC,2,8,ACGCATCATGTGTACACATCGTGCG,41
B,TC,2,9,ACGCATCATGTGTACACATCGTGCG,42
B,TC,2,10,ACGCATCATGTGTACACATCGTGCG,47
B,TC,2,1,ACGCATCATGTGTCACACATGTGCG,44
B,TC,2,2,ACGCATCATGTGTCACACATGTGCG,45
B,TC,2,3,ACGCATCATGTGTCACACATGTGCG,42
B,TC,2,4,ACGCATCATGTGTCACACATGTGCG,41
B,TC,2,5,ACGCATCATGTGTCACACATGTGCG,40
B,TC,2,6,ACGCATCATGTGTCACACATGTGCG,40
B,TC,2,7,ACGCATCATGTGTCACACATGTGCG,34
B,TC,2,8,ACGCATCATGTGTCACACATGTGCG,37
B,TC,2,9,ACGCATCATGTGTCACACATGTGCG,38
B,TC,2,10,ACGCATCATGTGTCACACATGTGCG,38
B,TC,3,1,ACGCATCATGTGTCACACATCGTGC,42
B,TC,3,2,ACGCATCATGTGTCACACATCGTGC,35
B,TC,3,3,ACGCATCATGTGTCACACATCGTGC,43
B,TC,3,4,ACGCATCATGTGTCACACATCGTGC,43
B,TC,3,5,ACGCATCATGTGTCACACATCGTGC,38
B,TC,3,6,ACGCATCATGTGTCACACATCGTGC,41
B,TC,3,7,ACGCATCATGTGTCACACATCGTGC,38
B,TC,3,8,ACGCATCATGTGTCACACATCGTGC,46
B,TC,3,9,ACGCATCATGTGTCACACATCGTGC,39
B,TC,3,10,ACGCATCATGTGTCACACATCGTGC,42
