Sequence_Set,Group,Count,Sequence_Replicate,Sequence,CPD_NUV,CPD_UV
A,CC,1,1,GTATGCCACGCACGTGCGTACATAC,24,1870
A,CC,1,2,GTATGCCACGCACGTGCGTACATAC,29,1002
A,CC,1,3,GTATGCCACGCACGTGCGTACATAC,33,872
A,CC,1,4,GTATGCCACGCACGTGCGTACATAC,26,2858
A,CC,1,5,GTATGCCACGCACGTGCGTACATAC,25,3117
A,CC,1,6,GTATGCCACGCACGTGCGTACATAC,26,755
A,CC,1,7,GTATGCCACGCACGTGCGTACATAC,27,1410
A,CC,1,8,GTATGCCACGCACGTGCGTACATAC,31,1868
A,CC,1,9,GTATGCCACGCACGTGCGTACATAC,28,1417
A,CC,1,10,GTATGCCACGCACGTGCGTACATAC,30,3051
A,CC,1,1,GTATGTACGCACCGTGCGTACATAC,27,1497
A,CC,1,2,GTATGTACGCACCGTGCGTACATAC,31,1649
A,CC,1,3,GTATGTACGCACCGTGCGTACATAC,27,1589
A,CC,1,4,GTATGTACGCACCGTGCGTACATAC,26,1638
A,CC,1,5,GTATGTACGCACCGTGCGTACATAC,33,1782
A,CC,1,6,GTATGTACGCACCGTGCGTACATAC,28,1641
A,CC,1,7,GTATGTACGCACCGTGCGTACATAC,25,1072
A,CC,1,8,GTATGTACGCACCGTGCGTACATAC,28,2803
A,CC,1,9,GTATGTACGCACCGTGCGTACATAC,29,792
A,CC,1,10,GTATGTACGCACCGTGCGTACATAC,27,2575
A,CC,1,1,GTATGTACGCACGTGCGCCACATAC,28,2166
A,CC,1,2,GTATGTACGCACGTGCGCCACATAC,24,598
A,CC,1,3,GTATGTACGCACGTGCGCCACATAC,26,572
A,CC,1,4,GTATGTACGCACGTGCGCCACATAC,28,1106
A,CC,1,5,GTATGTACGCACGTGCGCCACATAC,26,1002
A,CC,1,6,GTATGTACGCACGTGCGCCACATAC,23,1950
A,CC,1,7,GTATGTACGCACGTGCGCCACATAC,26,2246
A,CC,1,8,GTATGTACGCACGTGCGCCACATAC,29,2149
A,CC,1,9,GTATGTACGCACGTGCGCCACATAC,29,715
A,CC,1,10,GTATGTACGCACGTGCGCCACATAC,27,1855
A,CC,2,1,GTATGCCACGCACCGTGCGTACATA,30,556
A,CC,2,2,GTATGCCACGCACCGTGCGTACATA,25,2306
A,CC,2,3,GTATGCCACGCACCGTGCGTACATA,27,2143
A,CC,2,4,GTATGCCACGCACCGTGCGTACATA,32,2406
A,CC,2,5,GTATGCCACGCACCGTGCGTACATA,31,878
A,CC,2,6,GTATGCCACGCACCGTGCGTACATA,25,2740
A,CC,2,7,GTATGCCACGCACCGTGCGTACATA,34,2243
A,CC,2,8,GTATGCCACGCACCGTGCGTACATA,25,820
A,CC,2,9,GTATGCCACGCACCGTGCGTACATA,24,1284
A,CC,2,10,GTATGCCACGCACCGTGCGTACATA,29,1238
A,CC,2,1,GTATGCCACGCACGTGCGCCACATA,28,699
A,CC,2,2,GTATGCCACGCACGTGCGCCACATA,25,1310
A,CC,2,3,GTATGCCACGCACGTGCGCCACATA,26,1546
A,CC,2,4,GTATGCCACGCACGTGCGCCACATA,27,1303
A,CC,2,5,GTATGCCACGCACGTGCGCCACATA,28,650
A,CC,2,6,GTATGCCACGCACGTGCGCCACATA,25,1146
A,CC,2,7,GTATGCCACGCACGTGCGCCACATA,24,1630
A,CC,2,8,GTATGCCACGCACGTGCGCCACATA,25,2410
A,CC,2,9,GTATGCCACGCACGTGCGCCACATA,24,1684
A,CC,2,10,GTATGCCACGCACGTGCGCCACATA,42,2227
A,CC,2,1,GTATGTACGCACCGTGCGCCACATA,28,953
A,CC,2,2,GTATGTACGCACCGTGCGCCACATA,34,1611
A,CC,2,3,GTATGTACGCACCGTGCGCCACATA,24,3056
A,CC,2,4,GTATGTACGCACCGTGCGCCACATA,29,1171
A,CC,2,5,GTATGTACGCACCGTGCGCCACATA,26,805
A,CC,2,6,GTATGTACGCACCGTGCGCCACATA,26,3598
A,CC,2,7,GTATGTACGCACCGTGCGCCACATA,26,2924
A,CC,2,8,GTATGTACGCACCGTGCGCCACATA,33,1006
A,CC,2,9,GTATGTACGCACCGTGCGCCACATA,27,606
A,CC,2,10,GTATGTACGCACCGTGCGCCACATA,33,1519
A,CC,3,1,GTATGCCACGCACCGTGCGCCACAC,63,2665
A,CC,3,2,GTATGCCACGCACCGTGCGCCACAC,25,548
A,CC,3,3,GTATGCCACGCACCGTGCGCCACAC,26,2131
A,CC,3,4,GTATGCCACGCACCGTGCGCCACAC,57,2488
A,CC,3,5,GTATGCCACGCACCGTGCGCCACAC,28,2019
A,CC,3,6,GTATGCCACGCACCGTGCGCCACAC,29,987
A,CC,3,7,GTATGCCACGCACCGTGCGCCACAC,27,747
A,CC,3,8,GTATGCCACGCACCGTGCGCCACAC,33,2238
A,CC,3,9,GTATGCCACGCACCGTGCGCCACAC,25,1808
A,CC,3,10,GTATGCCACGCACCGTGCGCCACAC,40,792
A,CT,1,1,GTATGCTACGCACGTGCGTACATAC,36,1888
A,CT,1,2,GTATGCTACGCACGTGCGTACATAC,28,3732
A,CT,1,3,GTATGCTACGCACGTGCGTACATAC,30,4324
A,CT,1,4,GTATGCTACGCACGTGCGTACATAC,30,3480
A,CT,1,5,GTATGCTACGCACGTGCGTACATAC,31,3709
A,CT,1,6,GTATGCTACGCACGTGCGTACATAC,27,2850
A,CT,1,7,GTATGCTACGCACGTGCGTACATAC,26,2478
A,CT,1,8,GTATGCTACGCACGTGCGTACATAC,31,2885
A,CT,1,9,GTATGCTACGCACGTGCGTACATAC,25,3474
A,CT,1,10,GTATGCTACGCACGTGCGTACATAC,25,4035
A,CT,1,1,GTATGTACGCACGTGCGCTACATAC,43,2366
A,CT,1,2,GTATGTACGCACGTGCGCTACATAC,28,3872
A,CT,1,3,GTATGTACGCACGTGCGCTACATAC,29,4649
A,CT,1,4,GTATGTACGCACGTGCGCTACATAC,25,2905
A,CT,1,5,GTATGTACGCACGTGCGCTACATAC,32,4487
A,CT,1,6,GTATGTACGCACGTGCGCTACATAC,33,3695
A,CT,1,7,GTATGTACGCACGTGCGCTACATAC,24,4310
A,CT,1,8,GTATGTACGCACGTGCGCTACATAC,29,2675
A,CT,1,9,GTATGTACGCACGTGCGCTACATAC,31,3156
A,CT,1,10,GTATGTACGCACGTGCGCTACATAC,31,2417
A,CT,1,1,GTATGTACGCACTGTGCGTACATAC,32,1369
A,CT,1,2,GTATGTACGCACTGTGCGTACATAC,26,4715
A,CT,1,3,GTATGTACGCACTGTGCGTACATAC,30,1158
A,CT,1,4,GTATGTACGCACTGTGCGTACATAC,36,1504
A,CT,1,5,GTATGTACGCACTGTGCGTACATAC,28,1323
A,CT,1,6,GTATGTACGCACTGTGCGTACATAC,29,3030
A,CT,1,7,GTATGTACGCACTGTGCGTACATAC,29,4468
A,CT,1,8,GTATGTACGCACTGTGCGTACATAC,29,1454
A,CT,1,9,GTATGTACGCACTGTGCGTACATAC,29,3481
A,CT,1,10,GTATGTACGCACTGTGCGTACATAC,28,4441
A,CT,2,1,GTATGCTACGCACGTGCGCTACATA,69,4051
A,CT,2,2,GTATGCTACGCACGTGCGCTACATA,27,4271
A,CT,2,3,GTATGCTACGCACGTGCGCTACATA,31,2123
A,CT,2,4,GTATGCTACGCACGTGCGCTACATA,24,3897
A,CT,2,5,GTATGCTACGCACGTGCGCTACATA,27,3853
A,CT,2,6,GTATGCTACGCACGTGCGCTACATA,45,3181
A,CT,2,7,GTATGCTACGCACGTGCGCTACATA,26,3022
A,CT,2,8,GTATGCTACGCACGTGCGCTACATA,27,3820
A,CT,2,9,GTATGCTACGCACGTGCGCTACATA,30,2159
A,CT,2,10,GTATGCTACGCACGTGCGCTACATA,36,1715
A,CT,2,1,GTATGCTACGCACTGTGCGTACATA,36,6386
A,CT,2,2,GTATGCTACGCACTGTGCGTACATA,32,1332
A,CT,2,3,GTATGCTACGCACTGTGCGTACATA,30,3280
A,CT,2,4,GTATGCTACGCACTGTGCGTACATA,26,7326
A,CT,2,5,GTATGCTACGCACTGTGCGTACATA,30,4080
A,CT,2,6,GTATGCTACGCACTGTGCGTACATA,28,1846
A,CT,2,7,GTATGCTACGCACTGTGCGTACATA,38,3754
A,CT,2,8,GTATGCTACGCACTGTGCGTACATA,29,3249
A,CT,2,9,GTATGCTACGCACTGTGCGTACATA,30,4089
A,CT,2,10,GTATGCTACGCACTGTGCGTACATA,30,2486
A,CT,2,1,GTATGTACGCACTGTGCGCTACATA,26,1832
A,CT,2,2,GTATGTACGCACTGTGCGCTACATA,26,4327
A,CT,2,3,GTATGTACGCACTGTGCGCTACATA,28,1170
A,CT,2,4,GTATGTACGCACTGTGCGCTACATA,25,3357
A,CT,2,5,GTATGTACGCACTGTGCGCTACATA,30,2944
A,CT,2,6,GTATGTACGCACTGTGCGCTACATA,23,5244
A,CT,2,7,GTATGTACGCACTGTGCGCTACATA,33,1094
A,CT,2,8,GTATGTACGCACTGTGCGCTACATA,27,4341
A,CT,2,9,GTATGTACGCACTGTGCGCTACATA,29,2503
A,CT,2,10,GTATGTACGCACTGTGCGCTACATA,27,1740
A,CT,3,1,GTATGCTACGCACTGTGCGCTACAC,38,3973
A,CT,3,2,GTATGCTACGCACTGTGCGCTACAC,35,3669
A,CT,3,3,GTATGCTACGCACTGTGCGCTACAC,27,4381
A,CT,3,4,GTATGCTACGCACTGTGCGCTACAC,27,4594
A,CT,3,5,GTATGCTACGCACTGTGCGCTACAC,36,8359
A,CT,3,6,GTATGCTACGCACTGTGCGCTACAC,32,2598
A,CT,3,7,GTATGCTACGCACTGTGCGCTACAC,29,1657
A,CT,3,8,GTATGCTACGCACTGTGCGCTACAC,47,4063
A,CT,3,9,GTATGCTACGCACTGTGCGCTACAC,30,4865
A,CT,3,10,GTATGCTACGCACTGTGCGCTACAC,29,4642
A,No_PyDi,0,1,GTATGTACGCACGTGCGTACATACG,26,3201
A,No_PyDi,0,2,GTATGTACGCACGTGCGTACATACG,24,942
A,No_PyDi,0,3,GTATGTACGCACGTGCGTACATACG,27,987
A,No_PyDi,0,4,GTATGTACGCACGTGCGTACATACG,26,660
A,No_PyDi,0,5,GTATGTACGCACGTGCGTACATACG,27,900
A,No_PyDi,0,6,GTATGTACGCACGTGCGTACATACG,30,1372
A,No_PyDi,0,7,GTATGTACGCACGTGCGTACATACG,32,1773
A,No_PyDi,0,8,GTATGTACGCACGTGCGTACATACG,25,2398
A,No_PyDi,0,9,GTATGTACGCACGTGCGTACATACG,32,3151
A,No_PyDi,0,10,GTATGTACGCACGTGCGTACATACG,30,2114
A,TC,1,1,GTATGTACGCACGTGCGTCACATAC,34,921
A,TC,1,2,GTATGTACGCACGTGCGTCACATAC,27,1816
A,TC,1,3,GTATGTACGCACGTGCGTCACATAC,54,5000
A,TC,1,4,GTATGTACGCACGTGCGTCACATAC,46,4945
A,TC,1,5,GTATGTACGCACGTGCGTCACATAC,33,1785
A,TC,1,6,GTATGTACGCACGTGCGTCACATAC,29,1113
A,TC,1,7,GTATGTACGCACGTGCGTCACATAC,30,840
A,TC,1,8,GTATGTACGCACGTGCGTCACATAC,37,1247
A,TC,1,9,GTATGTACGCACGTGCGTCACATAC,24,4918
A,TC,1,10,GTATGTACGCACGTGCGTCACATAC,32,4163
A,TC,1,1,GTATGTACGCATCGTGCGTACATAC,29,5164
A,TC,1,2,GTATGTACGCATCGTGCGTACATAC,29,1277
A,TC,1,3,GTATGTACGCATCGTGCGTACATAC,31,6244
A,TC,1,4,GTATGTACGCATCGTGCGTACATAC,39,5273
A,TC,1,5,GTATGTACGCATCGTGCGTACATAC,29,4998
A,TC,1,6,GTATGTACGCATCGTGCGTACATAC,25,1924
A,TC,1,7,GTATGTACGCATCGTGCGTACATAC,31,4395
A,TC,1,8,GTATGTACGCATCGTGCGTACATAC,42,5390
A,TC,1,9,GTATGTACGCATCGTGCGTACATAC,34,2367
A,TC,1,10,GTATGTACGCATCGTGCGTACATAC,39,5951
A,TC,1,1,GTATGTCACGCACGTGCGTACATAC,28,1871
A,TC,1,2,GTATGTCACGCACGTGCGTACATAC,29,3525
A,TC,1,3,GTATGTCACGCACGTGCGTACATAC,29,1226
A,TC,1,4,GTATGTCACGCACGTGCGTACATAC,31,1531
A,TC,1,5,GTATGTCACGCACGTGCGTACATAC,26,1031
A,TC,1,6,GTATGTCACGCACGTGCGTACATAC,38,2175
A,TC,1,7,GTATGTCACGCACGTGCGTACATAC,25,3782
A,TC,1,8,GTATGTCACGCACGTGCGTACATAC,34,1423
A,TC,1,9,GTATGTCACGCACGTGCGTACATAC,30,1248
A,TC,1,10,GTATGTCACGCACGTGCGTACATAC,24,2906
A,TC,2,1,GTATGTACGCATCGTGCGTCACATA,30,1802
A,TC,2,2,GTATGTACGCATCGTGCGTCACATA,30,3896
A,TC,2,3,GTATGTACGCATCGTGCGTCACATA,27,2211
A,TC,2,4,GTATGTACGCATCGTGCGTCACATA,34,2584
A,TC,2,5,GTATGTACGCATCGTGCGTCACATA,25,6074
A,TC,2,6,GTATGTACGCATCGTGCGTCACATA,27,1362
A,TC,2,7,GTATGTACGCATCGTGCGTCACATA,31,1338
A,TC,2,8,GTATGTACGCATCGTGCGTCACATA,27,1688
A,TC,2,9,GTATGTACGCATCGTGCGTCACATA,35,5392
A,TC,2,10,GTATGTACGCATCGTGCGTCACATA,32,1958
A,TC,2,1,GTATGTCACGCACGTGCGTCACATA,25,1057
A,TC,2,2,GTATGTCACGCACGTGCGTCACATA,28,2393
A,TC,2,3,GTATGTCACGCACGTGCGTCACATA,27,3353
A,TC,2,4,GTATGTCACGCACGTGCGTCACATA,24,4384
A,TC,2,5,GTATGTCACGCACGTGCGTCACATA,38,4087
A,TC,2,6,GTATGTCACGCACGTGCGTCACATA,30,4342
A,TC,2,7,GTATGTCACGCACGTGCGTCACATA,25,634
A,TC,2,8,GTATGTCACGCACGTGCGTCACATA,31,4195
A,TC,2,9,GTATGTCACGCACGTGCGTCACATA,35,2936
A,TC,2,10,GTATGTCACGCACGTGCGTCACATA,35,3299
A,TC,2,1,GTATGTCACGCATCGTGCGTACATA,33,1838
A,TC,2,2,GTATGTCACGCATCGTGCGTACATA,32,4630
A,TC,2,3,GTATGTCACGCATCGTGCGTACATA,25,1767
A,TC,2,4,GTATGTCACGCATCGTGCGTACATA,31,2178
A,TC,2,5,GTATGTCACGCATCGTGCGTACATA,30,9395
A,TC,2,6,GTATGTCACGCATCGTGCGTACATA,28,5312
A,TC,2,7,GTATGTCACGCATCGTGCGTACATA,28,3060
A,TC,2,8,GTATGTCACGCATCGTGCGTACATA,34,3618
A,TC,2,9,GTATGTCACGCATCGTGCGTACATA,31,5330
A,TC,2,10,GTATGTCACGCATCGTGCGTACATA,29,1856
A,TC,3,1,GTATGTCACGCATCGTGCGTCACAC,33,8066
A,TC,3,2,GTATGTCACGCATCGTGCGTCACAC,29,3170
A,TC,3,3,GTATGTCACGCATCGTGCGTCACAC,28,2699
A,TC,3,4,GTATGTCACGCATCGTGCGTCACAC,31,2032
A,TC,3,5,GTATGTCACGCATCGTGCGTCACAC,26,5337
A,TC,3,6,GTATGTCACGCATCGTGCGTCACAC,27,9060
A,TC,3,7,GTATGTCACGCATCGTGCGTCACAC,31,4489
A,TC,3,8,GTATGTCACGCATCGTGCGTCACAC,38,4933
A,TC,3,9,GTATGTCACGCATCGTGCGTCACAC,32,2275
A,TC,3,10,GTATGTCACGCATCGTGCGTCACAC,28,1601
A,TT,1,1,GTATGTACGCACGTGCGTTACATAC,24,5305
A,TT,1,2,GTATGTACGCACGTGCGTTACATAC,48,6790
A,TT,1,3,GTATGTACGCACGTGCGTTACATAC,29,4201
A,TT,1,4,GTATGTACGCACGTGCGTTACATAC,38,6485
A,TT,1,5,GTATGTACGCACGTGCGTTACATAC,29,4615
A,TT,1,6,GTATGTACGCACGTGCGTTACATAC,27,7342
A,TT,1,7,GTATGTACGCACGTGCGTTACATAC,25,4515
A,TT,1,8,GTATGTACGCACGTGCGTTACATAC,37,4544
A,TT,1,9,GTATGTACGCACGTGCGTTACATAC,31,6351
A,TT,1,10,GTATGTACGCACGTGCGTTACATAC,25,5946
A,TT,1,1,GTATGTACGCATTGTGCGTACATAC,37,11626
A,TT,1,2,GTATGTACGCATTGTGCGTACATAC,42,7223
A,TT,1,3,GTATGTACGCATTGTGCGTACATAC,26,8650
A,TT,1,4,GTATGTACGCATTGTGCGTACATAC,34,11074
A,TT,1,5,GTATGTACGCATTGTGCGTACATAC,29,9080
A,TT,1,6,GTATGTACGCATTGTGCGTACATAC,30,5318
A,TT,1,7,GTATGTACGCATTGTGCGTACATAC,34,6247
A,TT,1,8,GTATGTACGCATTGTGCGTACATAC,31,8641
A,TT,1,9,GTATGTACGCATTGTGCGTACATAC,40,8996
A,TT,1,10,GTATGTACGCATTGTGCGTACATAC,32,11564
A,TT,1,1,GTATGTTACGCACGTGCGTACATAC,30,6375
A,TT,1,2,GTATGTTACGCACGTGCGTACATAC,33,5715
A,TT,1,3,GTATGTTACGCACGTGCGTACATAC,43,6499
A,TT,1,4,GTATGTTACGCACGTGCGTACATAC,48,7042
A,TT,1,5,GTATGTTACGCACGTGCGTACATAC,32,6072
A,TT,1,6,GTATGTTACGCACGTGCGTACATAC,26,6404
A,TT,1,7,GTATGTTACGCACGTGCGTACATAC,31,5844
A,TT,1,8,GTATGTTACGCACGTGCGTACATAC,26,8992
A,TT,1,9,GTATGTTACGCACGTGCGTACATAC,60,5733
A,TT,1,10,GTATGTTACGCACGTGCGTACATAC,30,6145
A,TT,2,1,GTATGTACGCATTGTGCGTTACATA,32,10821
A,TT,2,2,GTATGTACGCATTGTGCGTTACATA,37,9024
A,TT,2,3,GTATGTACGCATTGTGCGTTACATA,31,8717
A,TT,2,4,GTATGTACGCATTGTGCGTTACATA,30,11588
A,TT,2,5,GTATGTACGCATTGTGCGTTACATA,38,9297
A,TT,2,6,GTATGTACGCATTGTGCGTTACATA,39,11168
A,TT,2,7,GTATGTACGCATTGTGCGTTACATA,36,8288
A,TT,2,8,GTATGTACGCATTGTGCGTTACATA,33,9713
A,TT,2,9,GTATGTACGCATTGTGCGTTACATA,34,10274
A,TT,2,10,GTATGTACGCATTGTGCGTTACATA,40,11290
A,TT,2,1,GTATGTTACGCACGTGCGTTACATA,47,8659
A,TT,2,2,GTATGTTACGCACGTGCGTTACATA,40,9024
A,TT,2,3,GTATGTTACGCACGTGCGTTACATA,42,5822
A,TT,2,4,GTATGTTACGCACGTGCGTTACATA,32,8689
A,TT,2,5,GTATGTTACGCACGTGCGTTACATA,37,5514
A,TT,2,6,GTATGTTACGCACGTGCGTTACATA,32,8765
A,TT,2,7,GTATGTTACGCACGTGCGTTACATA,35,6187
A,TT,2,8,GTATGTTACGCACGTGCGTTACATA,33,9470
A,TT,2,9,GTATGTTACGCACGTGCGTTACATA,35,7933
A,TT,2,10,GTATGTTACGCACGTGCGTTACATA,45,7781
A,TT,2,1,GTATGTTACGCATTGTGCGTACATA,26,7265
A,TT,2,2,GTATGTTACGCATTGTGCGTACATA,38,7989
A,TT,2,3,GTATGTTACGCATTGTGCGTACATA,36,12361
A,TT,2,4,GTATGTTACGCATTGTGCGTACATA,36,9092
A,TT,2,5,GTATGTTACGCATTGTGCGTACATA,40,9098
A,TT,2,6,GTATGTTACGCATTGTGCGTACATA,36,9985
A,TT,2,7,GTATGTTACGCATTGTGCGTACATA,59,13035
A,TT,2,8,GTATGTTACGCATTGTGCGTACATA,30,10311
A,TT,2,9,GTATGTTACGCATTGTGCGTACATA,26,7696
A,TT,2,10,GTATGTTACGCATTGTGCGTACATA,42,11380
A,TT,3,1,GTATGTTACGCATTGTGCGTTACAC,38,12114
A,TT,3,2,GTATGTTACGCATTGTGCGTTACAC,30,12230
A,TT,3,3,GTATGTTACGCATTGTGCGTTACAC,40,10347
A,TT,3,4,GTATGTTACGCATTGTGCGTTACAC,46,17163
A,TT,3,5,GTATGTTACGCATTGTGCGTTACAC,43,15043
A,TT,3,6,GTATGTTACGCATTGTGCGTTACAC,39,14462
A,TT,3,7,GTATGTTACGCATTGTGCGTTACAC,38,15857
A,TT,3,8,GTATGTTACGCATTGTGCGTTACAC,54,15713
A,TT,3,9,GTATGTTACGCATTGTGCGTTACAC,49,13031
A,TT,3,10,GTATGTTACGCATTGTGCGTTACAC,29,15495
B,CC,1,1,ACGCACATGTGCCACACATGTGCGC,32,1942
B,CC,1,2,ACGCACATGTGCCACACATGTGCGC,26,1952
B,CC,1,3,ACGCACATGTGCCACACATGTGCGC,28,3269
B,CC,1,4,ACGCACATGTGCCACACATGTGCGC,30,2471
B,CC,1,5,ACGCACATGTGCCACACATGTGCGC,33,706
B,CC,1,6,ACGCACATGTGCCACACATGTGCGC,30,2474
B,CC,1,7,ACGCACATGTGCCACACATGTGCGC,26,2432
B,CC,1,8,ACGCACATGTGCCACACATGTGCGC,28,3286
B,CC,1,9,ACGCACATGTGCCACACATGTGCGC,27,1666
B,CC,1,10,ACGCACATGTGCCACACATGTGCGC,27,1624
B,CC,1,1,ACGCACATGTGTACACACCGTGCGC,31,2455
B,CC,1,2,ACGCACATGTGTACACACCGTGCGC,27,2309
B,CC,1,3,ACGCACATGTGTACACACCGTGCGC,28,3490
B,CC,1,4,ACGCACATGTGTACACACCGTGCGC,24,2367
B,CC,1,5,ACGCACATGTGTACACACCGTGCGC,27,1935
B,CC,1,6,ACGCACATGTGTACACACCGTGCGC,26,2885
B,CC,1,7,ACGCACATGTGTACACACCGTGCGC,25,5790
B,CC,1,8,ACGCACATGTGTACACACCGTGCGC,28,2633
B,CC,1,9,ACGCACATGTGTACACACCGTGCGC,25,2518
B,CC,1,10,ACGCACATGTGTACACACCGTGCGC,27,3355
B,CC,1,1,ACGCACCATGTGTACACATGTGCGC,26,3975
B,CC,1,2,ACGCACCATGTGTACACATGTGCGC,24,1799
B,CC,1,3,ACGCACCATGTGTACACATGTGCGC,27,4711
B,CC,1,4,ACGCACCATGTGTACACATGTGCGC,23,2395
B,CC,1,5,ACGCACCATGTGTACACATGTGCGC,26,3874
B,CC,1,6,ACGCACCATGTGTACACATGTGCGC,35,2730
B,CC,1,7,ACGCACCATGTGTACACATGTGCGC,27,4152
B,CC,1,8,ACGCACCATGTGTACACATGTGCGC,25,3524
B,CC,1,9,ACGCACCATGTGTACACATGTGCGC,30,4826
B,CC,1,10,ACGCACCATGTGTACACATGTGCGC,27,1794
B,CC,2,1,ACGCACATGTGCCACACACCGTGCG,23,870
B,CC,2,2,ACGCACATGTGCCACACACCGTGCG,26,2689
B,CC,2,3,ACGCACATGTGCCACACACCGTGCG,24,1198
B,CC,2,4,ACGCACATGTGCCACACACCGTGCG,25,2585
B,CC,2,5,ACGCACATGTGCCACACACCGTGCG,28,2182
B,CC,2,6,ACGCACATGTGCCACACACCGTGCG,27,2004
B,CC,2,7,ACGCACATGTGCCACACACCGTGCG,25,3460
B,CC,2,8,ACGCACATGTGCCACACACCGTGCG,24,2083
B,CC,2,9,ACGCACATGTGCCACACACCGTGCG,24,2781
B,CC,2,10,ACGCACATGTGCCACACACCGTGCG,36,2715
B,CC,2,1,ACGCACCATGTGCCACACATGTGCG,24,2721
B,CC,2,2,ACGCACCATGTGCCACACATGTGCG,28,2435
B,CC,2,3,ACGCACCATGTGCCACACATGTGCG,23,1399
B,CC,2,4,ACGCACCATGTGCCACACATGTGCG,24,1755
B,CC,2,5,ACGCACCATGTGCCACACATGTGCG,23,1739
B,CC,2,6,ACGCACCATGTGCCACACATGTGCG,34,1106
B,CC,2,7,ACGCACCATGTGCCACACATGTGCG,30,959
B,CC,2,8,ACGCACCATGTGCCACACATGTGCG,25,2664
B,CC,2,9,ACGCACCATGTGCCACACATGTGCG,23,783
B,CC,2,10,ACGCACCATGTGCCACACATGTGCG,25,2004
B,CC,2,1,ACGCACCATGTGTACACACCGTGCG,27,1952
B,CC,2,2,ACGCACCATGTGTACACACCGTGCG,27,1360
B,CC,2,3,ACGCACCATGTGTACACACCGTGCG,24,4638
B,CC,2,4,ACGCACCATGTGTACACACCGTGCG,26,2713
B,CC,2,5,ACGCACCATGTGTACACACCGTGCG,26,1775
B,CC,2,6,ACGCACCATGTGTACACACCGTGCG,25,1583
B,CC,2,7,ACGCACCATGTGTACACACCGTGCG,30,1043
B,CC,2,8,ACGCACCATGTGTACACACCGTGCG,26,2246
B,CC,2,9,ACGCACCATGTGTACACACCGTGCG,26,2396
B,CC,2,10,ACGCACCATGTGTACACACCGTGCG,28,1944
B,CC,3,1,ACGCACCATGTGCCACACACCGTGC,24,1149
B,CC,3,2,ACGCACCATGTGCCACACACCGTGC,24,1300
B,CC,3,3,ACGCACCATGTGCCACACACCGTGC,26,2216
B,CC,3,4,ACGCACCATGTGCCACACACCGTGC,23,2167
B,CC,3,5,ACGCACCATGTGCCACACACCGTGC,32,3387
B,CC,3,6,ACGCACCATGTGCCACACACCGTGC,23,3493
B,CC,3,7,ACGCACCATGTGCCACACACCGTGC,36,2147
B,CC,3,8,ACGCACCATGTGCCACACACCGTGC,26,2129
B,CC,3,9,ACGCACCATGTGCCACACACCGTGC,31,4128
B,CC,3,10,ACGCACCATGTGCCACACACCGTGC,30,2617
B,CT,1,1,ACGCACATGTGCTACACATGTGCGC,26,1372
B,CT,1,2,ACGCACATGTGCTACACATGTGCGC,33,3099
B,CT,1,3,ACGCACATGTGCTACACATGTGCGC,28,4679
B,CT,1,4,ACGCACATGTGCTACACATGTGCGC,24,5965
B,CT,1,5,ACGCACATGTGCTACACATGTGCGC,24,3142
B,CT,1,6,ACGCACATGTGCTACACATGTGCGC,25,2769
B,CT,1,7,ACGCACATGTGCTACACATGTGCGC,27,3063
B,CT,1,8,ACGCACATGTGCTACACATGTGCGC,25,3801
B,CT,1,9,ACGCACATGTGCTACACATGTGCGC,29,6793
B,CT,1,10,ACGCACATGTGCTACACATGTGCGC,37,2951
B,CT,1,1,ACGCACATGTGTACACACTGTGCGC,27,3264
B,CT,1,2,ACGCACATGTGTACACACTGTGCGC,34,4710
B,CT,1,3,ACGCACATGTGTACACACTGTGCGC,28,2380
B,CT,1,4,ACGCACATGTGTACACACTGTGCGC,28,3821
B,CT,1,5,ACGCACATGTGTACACACTGTGCGC,29,3838
B,CT,1,6,ACGCACATGTGTACACACTGTGCGC,25,5586
B,CT,1,7,ACGCACATGTGTACACACTGTGCGC,26,5022
B,CT,1,8,ACGCACATGTGTACACACTGTGCGC,26,1757
B,CT,1,9,ACGCACATGTGTACACACTGTGCGC,25,567
B,CT,1,10,ACGCACATGTGTACACACTGTGCGC,36,3095
B,CT,1,1,ACGCACTATGTGTACACATGTGCGC,32,3855
B,CT,1,2,ACGCACTATGTGTACACATGTGCGC,33,5899
B,CT,1,3,ACGCACTATGTGTACACATGTGCGC,26,3342
B,CT,1,4,ACGCACTATGTGTACACATGTGCGC,32,4806
B,CT,1,5,ACGCACTATGTGTACACATGTGCGC,35,1687
B,CT,1,6,ACGCACTATGTGTACACATGTGCGC,26,2497
B,CT,1,7,ACGCACTATGTGTACACATGTGCGC,26,4840
B,CT,1,8,ACGCACTATGTGTACACATGTGCGC,33,6752
B,CT,1,9,ACGCACTATGTGTACACATGTGCGC,27,5530
B,CT,1,10,ACGCACTATGTGTACACATGTGCGC,26,5519
B,CT,2,1,ACGCACATGTGCTACACACTGTGCG,27,1905
B,CT,2,2,ACGCACATGTGCTACACACTGTGCG,31,3352
B,CT,2,3,ACGCACATGTGCTACACACTGTGCG,27,2148
B,CT,2,4,ACGCACATGTGCTACACACTGTGCG,26,4136
B,CT,2,5,ACGCACATGTGCTACACACTGTGCG,26,2284
B,CT,2,6,ACGCACATGTGCTACACACTGTGCG,27,3316
B,CT,2,7,ACGCACATGTGCTACACACTGTGCG,28,4039
B,CT,2,8,ACGCACATGTGCTACACACTGTGCG,26,6455
B,CT,2,9,ACGCACATGTGCTACACACTGTGCG,28,2186
B,CT,2,10,ACGCACATGTGCTACACACTGTGCG,39,2136
B,CT,2,1,ACGCACTATGTGCTACACATGTGCG,30,4066
B,CT,2,2,ACGCACTATGTGCTACACATGTGCG,32,3717
B,CT,2,3,ACGCACTATGTGCTACACATGTGCG,31,7819
B,CT,2,4,ACGCACTATGTGCTACACATGTGCG,28,5592
B,CT,2,5,ACGCACTATGTGCTACACATGTGCG,37,3496
B,CT,2,6,ACGCACTATGTGCTACACATGTGCG,30,3853
B,CT,2,7,ACGCACTATGTGCTACACATGTGCG,27,4549
B,CT,2,8,ACGCACTATGTGCTACACATGTGCG,30,3297
B,CT,2,9,ACGCACTATGTGCTACACATGTGCG,28,4149
B,CT,2,10,ACGCACTATGTGCTACACATGTGCG,26,2200
B,CT,2,1,ACGCACTATGTGTACACACTGTGCG,27,3188
B,CT,2,2,ACGCACTATGTGTACACACTGTGCG,33,4365
B,CT,2,3,ACGCACTATGTGTACACACTGTGCG,24,4958
B,CT,2,4,ACGCACTATGTGTACACACTGTGCG,43,4622
B,CT,2,5,ACGCACTATGTGTACACACTGTGCG,32,4549
B,CT,2,6,ACGCACTATGTGTACACACTGTGCG,25,9076
B,CT,2,7,ACGCACTATGTGTACACACTGTGCG,29,4518
B,CT,2,8,ACGCACTATGTGTACACACTGTGCG,36,2789
B,CT,2,9,ACGCACTATGTGTACACACTGTGCG,33,6014
B,CT,2,10,ACGCACTATGTGTACACACTGTGCG,28,2570
B,CT,3,1,ACGCACTATGTGCTACACACTGTGC,26,4791
B,CT,3,2,ACGCACTATGTGCTACACACTGTGC,30,7504
B,CT,3,3,ACGCACTATGTGCTACACACTGTGC,38,3968
B,CT,3,4,ACGCACTATGTGCTACACACTGTGC,33,5671
B,CT,3,5,ACGCACTATGTGCTACACACTGTGC,28,9079
B,CT,3,6,ACGCACTATGTGCTACACACTGTGC,34,3386
B,CT,3,7,ACGCACTATGTGCTACACACTGTGC,30,5952
B,CT,3,8,ACGCACTATGTGCTACACACTGTGC,33,6958
B,CT,3,9,ACGCACTATGTGCTACACACTGTGC,28,8341
B,CT,3,10,ACGCACTATGTGCTACACACTGTGC,26,5246
B,No_PyDi,0,1,ACGCACATGTGTACACATGTGCGTA,23,1749
B,No_PyDi,0,2,ACGCACATGTGTACACATGTGCGTA,30,1256
B,No_PyDi,0,3,ACGCACATGTGTACACATGTGCGTA,32,4435
B,No_PyDi,0,4,ACGCACATGTGTACACATGTGCGTA,26,2083
B,No_PyDi,0,5,ACGCACATGTGTACACATGTGCGTA,25,2119
B,No_PyDi,0,6,ACGCACATGTGTACACATGTGCGTA,28,674
B,No_PyDi,0,7,ACGCACATGTGTACACATGTGCGTA,26,3623
B,No_PyDi,0,8,ACGCACATGTGTACACATGTGCGTA,29,2087
B,No_PyDi,0,9,ACGCACATGTGTACACATGTGCGTA,29,2823
B,No_PyDi,0,10,ACGCACATGTGTACACATGTGCGTA,28,3261
B,TC,1,1,ACGCACATGTGTACACATCGTGCGC,32,4975
B,TC,1,2,ACGCACATGTGTACACATCGTGCGC,25,2387
B,TC,1,3,ACGCACATGTGTACACATCGTGCGC,27,7343
B,TC,1,4,ACGCACATGTGTACACATCGTGCGC,26,8734
B,TC,1,5,ACGCACATGTGTACACATCGTGCGC,32,5312
B,TC,1,6,ACGCACATGTGTACACATCGTGCGC,35,5324
B,TC,1,7,ACGCACATGTGTACACATCGTGCGC,25,2512
B,TC,1,8,ACGCACATGTGTACACATCGTGCGC,29,3164
B,TC,1,9,ACGCACATGTGTACACATCGTGCGC,27,8157
B,TC,1,10,ACGCACATGTGTACACATCGTGCGC,34,3261
B,TC,1,1,ACGCACATGTGTCACACATGTGCGC,26,576
B,TC,1,2,ACGCACATGTGTCACACATGTGCGC,24,1867
B,TC,1,3,ACGCACATGTGTCACACATGTGCGC,23,6565
B,TC,1,4,ACGCACATGTGTCACACATGTGCGC,28,1741
B,TC,1,5,ACGCACATGTGTCACACATGTGCGC,24,1961
B,TC,1,6,ACGCACATGTGTCACACATGTGCGC,27,3526
B,TC,1,7,ACGCACATGTGTCACACATGTGCGC,35,6849
B,TC,1,8,ACGCACATGTGTCACACATGTGCGC,26,4329
B,TC,1,9,ACGCACATGTGTCACACATGTGCGC,28,5772
B,TC,1,10,ACGCACATGTGTCACACATGTGCGC,30,6600
B,TC,1,1,ACGCATCATGTGTACACATGTGCGC,28,4206
B,TC,1,2,ACGCATCATGTGTACACATGTGCGC,28,7480
B,TC,1,3,ACGCATCATGTGTACACATGTGCGC,26,5865
B,TC,1,4,ACGCATCATGTGTACACATGTGCGC,36,2148
B,TC,1,5,ACGCATCATGTGTACACATGTGCGC,31,6023
B,TC,1,6,ACGCATCATGTGTACACATGTGCGC,39,5110
B,TC,1,7,ACGCATCATGTGTACACATGTGCGC,31,2488
B,TC,1,8,ACGCATCATGTGTACACATGTGCGC,38,4303
B,TC,1,9,ACGCATCATGTGTACACATGTGCGC,40,4477
B,TC,1,10,ACGCATCATGTGTACACATGTGCGC,26,4015
B,TC,2,1,ACGCACATGTGTCACACATCGTGCG,24,5917
B,TC,2,2,ACGCACATGTGTCACACATCGTGCG,28,4280
B,TC,2,3,ACGCACATGTGTCACACATCGTGCG,24,6286
B,TC,2,4,ACGCACATGTGTCACACATCGTGCG,33,1620
B,TC,2,5,ACGCACATGTGTCACACATCGTGCG,28,2653
B,TC,2,6,ACGCACATGTGTCACACATCGTGCG,27,2375
B,TC,2,7,ACGCACATGTGTCACACATCGTGCG,28,3743
B,TC,2,8,ACGCACATGTGTCACACATCGTGCG,35,4321
B,TC,2,9,ACGCACATGTGTCACACATCGTGCG,27,4950
B,TC,2,10,ACGCACATGTGTCACACATCGTGCG,26,4447
B,TC,2,1,ACGCATCATGTGTACACATCGTGCG,33,2863
B,TC,2,2,ACGCATCATGTGTACACATCGTGCG,25,5256
B,TC,2,3,ACGCATCATGTGTACACATCGTGCG,36,2551
B,TC,2,4,ACGCATCATGTGTACACATCGTGCG,34,2197
B,TC,2,5,ACGCATCATGTGTACACATCGTGCG,37,5634
B,TC,2,6,ACGCATCATGTGTACACATCGTGCG,27,4046
B,TC,2,7,ACGCATCATGTGTACACATCGTGCG,33,6032
B,TC,2,8,ACGCATCATGTGTACACATCGTGCG,28,5046
B,TC,2,9,ACGCATCATGTGTACACATCGTGCG,32,5748
B,TC,2,10,ACGCATCATGTGTACACATCGTGCG,27,1872
B,TC,2,1,ACGCATCATGTGTCACACATGTGCG,24,6203
B,TC,2,2,ACGCATCATGTGTCACACATGTGCG,27,7195
B,TC,2,3,ACGCATCATGTGTCACACATGTGCG,28,3134
B,TC,2,4,ACGCATCATGTGTCACACATGTGCG,33,1578
B,TC,2,5,ACGCATCATGTGTCACACATGTGCG,73,7524
B,TC,2,6,ACGCATCATGTGTCACACATGTGCG,29,3976
B,TC,2,7,ACGCATCATGTGTCACACATGTGCG,26,8310
B,TC,2,8,ACGCATCATGTGTCACACATGTGCG,65,5196
B,TC,2,9,ACGCATCATGTGTCACACATGTGCG,37,3570
B,TC,2,10,ACGCATCATGTGTCACACATGTGCG,29,4607
B,TC,3,1,ACGCATCATGTGTCACACATCGTGC,26,6913
B,TC,3,2,ACGCATCATGTGTCACACATCGTGC,26,6262
B,TC,3,3,ACGCATCATGTGTCACACATCGTGC,30,3291
B,TC,3,4,ACGCATCATGTGTCACACATCGTGC,30,5077
B,TC,3,5,ACGCATCATGTGTCACACATCGTGC,27,6989
B,TC,3,6,ACGCATCATGTGTCACACATCGTGC,31,3103
B,TC,3,7,ACGCATCATGTGTCACACATCGTGC,24,3291
B,TC,3,8,ACGCATCATGTGTCACACATCGTGC,30,4990
B,TC,3,9,ACGCATCATGTGTCACACATCGTGC,30,3061
B,TC,3,10,ACGCATCATGTGTCACACATCGTGC,26,8534
B,TT,1,1,ACGCACATGTGTACACATTGTGCGC,31,10403
B,TT,1,2,ACGCACATGTGTACACATTGTGCGC,30,5392
B,TT,1,3,ACGCACATGTGTACACATTGTGCGC,36,8633
B,TT,1,4,ACGCACATGTGTACACATTGTGCGC,35,5175
B,TT,1,5,ACGCACATGTGTACACATTGTGCGC,26,9354
B,TT,1,6,ACGCACATGTGTACACATTGTGCGC,26,6631
B,TT,1,7,ACGCACATGTGTACACATTGTGCGC,26,6952
B,TT,1,8,ACGCACATGTGTACACATTGTGCGC,33,8253
B,TT,1,9,ACGCACATGTGTACACATTGTGCGC,40,8239
B,TT,1,10,ACGCACATGTGTACACATTGTGCGC,30,8524
B,TT,1,1,ACGCACATGTGTTACACATGTGCGC,25,6084
B,TT,1,2,ACGCACATGTGTTACACATGTGCGC,28,11498
B,TT,1,3,ACGCACATGTGTTACACATGTGCGC,29,14254
B,TT,1,4,ACGCACATGTGTTACACATGTGCGC,26,5765
B,TT,1,5,ACGCACATGTGTTACACATGTGCGC,33,4002
B,TT,1,6,ACGCACATGTGTTACACATGTGCGC,27,10898
B,TT,1,7,ACGCACATGTGTTACACATGTGCGC,25,7123
B,TT,1,8,ACGCACATGTGTTACACATGTGCGC,32,6637
B,TT,1,9,ACGCACATGTGTTACACATGTGCGC,25,8789
B,TT,1,10,ACGCACATGTGTTACACATGTGCGC,29,8461
B,TT,1,1,ACGCATTATGTGTACACATGTGCGC,32,10791
B,TT,1,2,ACGCATTATGTGTACACATGTGCGC,30,10580
B,TT,1,3,ACGCATTATGTGTACACATGTGCGC,31,9886
B,TT,1,4,ACGCATTATGTGTACACATGTGCGC,38,8818
B,TT,1,5,ACGCATTATGTGTACACATGTGCGC,38,5603
B,TT,1,6,ACGCATTATGTGTACACATGTGCGC,46,10310
B,TT,1,7,ACGCATTATGTGTACACATGTGCGC,35,10888
B,TT,1,8,ACGCATTATGTGTACACATGTGCGC,33,9253
B,TT,1,9,ACGCATTATGTGTACACATGTGCGC,33,8179
B,TT,1,10,ACGCATTATGTGTACACATGTGCGC,40,10314
B,TT,2,1,ACGCACATGTGTTACACATTGTGCG,33,6980
B,TT,2,2,ACGCACATGTGTTACACATTGTGCG,33,10969
B,TT,2,3,ACGCACATGTGTTACACATTGTGCG,33,9995
B,TT,2,4,ACGCACATGTGTTACACATTGTGCG,30,10071
B,TT,2,5,ACGCACATGTGTTACACATTGTGCG,36,9074
B,TT,2,6,ACGCACATGTGTTACACATTGTGCG,35,10991
B,TT,2,7,ACGCACATGTGTTACACATTGTGCG,29,5305
B,TT,2,8,ACGCACATGTGTTACACATTGTGCG,31,10869
B,TT,2,9,ACGCACATGTGTTACACATTGTGCG,35,11967
B,TT,2,10,ACGCACATGTGTTACACATTGTGCG,34,9365
B,TT,2,1,ACGCATTATGTGTACACATTGTGCG,57,12591
B,TT,2,2,ACGCATTATGTGTACACATTGTGCG,38,8855
B,TT,2,3,ACGCATTATGTGTACACATTGTGCG,37,10364
B,TT,2,4,ACGCATTATGTGTACACATTGTGCG,42,10368
B,TT,2,5,ACGCATTATGTGTACACATTGTGCG,39,12270
B,TT,2,6,ACGCATTATGTGTACACATTGTGCG,36,10397
B,TT,2,7,ACGCATTATGTGTACACATTGTGCG,42,11232
B,TT,2,8,ACGCATTATGTGTACACATTGTGCG,44,12229
B,TT,2,9,ACGCATTATGTGTACACATTGTGCG,43,14170
B,TT,2,10,ACGCATTATGTGTACACATTGTGCG,36,11500
B,TT,2,1,ACGCATTATGTGTTACACATGTGCG,35,8388
B,TT,2,2,ACGCATTATGTGTTACACATGTGCG,32,9560
B,TT,2,3,ACGCATTATGTGTTACACATGTGCG,38,12189
B,TT,2,4,ACGCATTATGTGTTACACATGTGCG,39,8389
B,TT,2,5,ACGCATTATGTGTTACACATGTGCG,38,7247
B,TT,2,6,ACGCATTATGTGTTACACATGTGCG,40,10504
B,TT,2,7,ACGCATTATGTGTTACACATGTGCG,39,9776
B,TT,2,8,ACGCATTATGTGTTACACATGTGCG,34,10024
B,TT,2,9,ACGCATTATGTGTTACACATGTGCG,42,9445
B,TT,2,10,ACGCATTATGTGTTACACATGTGCG,43,8776
B,TT,3,1,ACGCATTATGTGTTACACATTGTGC,43,17821
B,TT,3,2,ACGCATTATGTGTTACACATTGTGC,36,18600
B,TT,3,3,ACGCATTATGTGTTACACATTGTGC,40,11989
B,TT,3,4,ACGCATTATGTGTTACACATTGTGC,38,21143
B,TT,3,5,ACGCATTATGTGTTACACATTGTGC,39,21944
B,TT,3,6,ACGCATTATGTGTTACACATTGTGC,42,13574
B,TT,3,7,ACGCATTATGTGTTACACATTGTGC,38,18643
B,TT,3,8,ACGCATTATGTGTTACACATTGTGC,45,16638
B,TT,3,9,ACGCATTATGTGTTACACATTGTGC,38,15069
B,TT,3,10,ACGCATTATGTGTTACACATTGTGC,39,21800
C,CC,1,1,GTACGCCACGTATATATACGTACGC,26,3233
C,CC,1,2,GTACGCCACGTATATATACGTACGC,31,595
C,CC,1,3,GTACGCCACGTATATATACGTACGC,30,1758
C,CC,1,4,GTACGCCACGTATATATACGTACGC,31,952
C,CC,1,5,GTACGCCACGTATATATACGTACGC,30,664
C,CC,1,6,GTACGCCACGTATATATACGTACGC,28,2437
C,CC,1,7,GTACGCCACGTATATATACGTACGC,27,1555
C,CC,1,8,GTACGCCACGTATATATACGTACGC,31,1423
C,CC,1,9,GTACGCCACGTATATATACGTACGC,26,2474
C,CC,1,10,GTACGCCACGTATATATACGTACGC,56,2000
C,CC,1,1,GTACGTACGTACCATATACGTACGC,27,936
C,CC,1,2,GTACGTACGTACCATATACGTACGC,26,583
C,CC,1,3,GTACGTACGTACCATATACGTACGC,28,640
C,CC,1,4,GTACGTACGTACCATATACGTACGC,42,1872
C,CC,1,5,GTACGTACGTACCATATACGTACGC,25,523
C,CC,1,6,GTACGTACGTACCATATACGTACGC,31,1294
C,CC,1,7,GTACGTACGTACCATATACGTACGC,39,2242
C,CC,1,8,GTACGTACGTACCATATACGTACGC,33,950
C,CC,1,9,GTACGTACGTACCATATACGTACGC,40,1375
C,CC,1,10,GTACGTACGTACCATATACGTACGC,44,1235
C,CC,1,1,GTACGTACGTATATATACCGTACGC,25,3020
C,CC,1,2,GTACGTACGTATATATACCGTACGC,32,3042
C,CC,1,3,GTACGTACGTATATATACCGTACGC,29,807
C,CC,1,4,GTACGTACGTATATATACCGTACGC,40,3239
C,CC,1,5,GTACGTACGTATATATACCGTACGC,37,2289
C,CC,1,6,GTACGTACGTATATATACCGTACGC,74,3129
C,CC,1,7,GTACGTACGTATATATACCGTACGC,66,2352
C,CC,1,8,GTACGTACGTATATATACCGTACGC,27,2373
C,CC,1,9,GTACGTACGTATATATACCGTACGC,29,2154
C,CC,1,10,GTACGTACGTATATATACCGTACGC,32,1754
C,CC,2,1,GTACGCCACGTACCATATACGTACG,37,1147
C,CC,2,2,GTACGCCACGTACCATATACGTACG,27,550
C,CC,2,3,GTACGCCACGTACCATATACGTACG,30,1529
C,CC,2,4,GTACGCCACGTACCATATACGTACG,30,1024
C,CC,2,5,GTACGCCACGTACCATATACGTACG,26,3757
C,CC,2,6,GTACGCCACGTACCATATACGTACG,36,918
C,CC,2,7,GTACGCCACGTACCATATACGTACG,38,2490
C,CC,2,8,GTACGCCACGTACCATATACGTACG,28,4231
C,CC,2,9,GTACGCCACGTACCATATACGTACG,32,631
C,CC,2,10,GTACGCCACGTACCATATACGTACG,27,1869
C,CC,2,1,GTACGCCACGTATATATACCGTACG,60,2815
C,CC,2,2,GTACGCCACGTATATATACCGTACG,28,3064
C,CC,2,3,GTACGCCACGTATATATACCGTACG,33,2418
C,CC,2,4,GTACGCCACGTATATATACCGTACG,66,3148
C,CC,2,5,GTACGCCACGTATATATACCGTACG,29,2024
C,CC,2,6,GTACGCCACGTATATATACCGTACG,28,1746
C,CC,2,7,GTACGCCACGTATATATACCGTACG,27,2174
C,CC,2,8,GTACGCCACGTATATATACCGTACG,27,2638
C,CC,2,9,GTACGCCACGTATATATACCGTACG,28,2087
C,CC,2,10,GTACGCCACGTATATATACCGTACG,28,1316
C,CC,2,1,GTACGTACGTACCATATACCGTACG,47,2887
C,CC,2,2,GTACGTACGTACCATATACCGTACG,25,4651
C,CC,2,3,GTACGTACGTACCATATACCGTACG,31,3126
C,CC,2,4,GTACGTACGTACCATATACCGTACG,26,2464
C,CC,2,5,GTACGTACGTACCATATACCGTACG,32,563
C,CC,2,6,GTACGTACGTACCATATACCGTACG,56,985
C,CC,2,7,GTACGTACGTACCATATACCGTACG,30,2536
C,CC,2,8,GTACGTACGTACCATATACCGTACG,33,2263
C,CC,2,9,GTACGTACGTACCATATACCGTACG,33,2246
C,CC,2,10,GTACGTACGTACCATATACCGTACG,30,2040
C,CC,3,1,GTACGCCACGTACCATATACCGTAC,27,1293
C,CC,3,2,GTACGCCACGTACCATATACCGTAC,35,2784
C,CC,3,3,GTACGCCACGTACCATATACCGTAC,26,1626
C,CC,3,4,GTACGCCACGTACCATATACCGTAC,38,2218
C,CC,3,5,GTACGCCACGTACCATATACCGTAC,26,2536
C,CC,3,6,GTACGCCACGTACCATATACCGTAC,25,1204
C,CC,3,7,GTACGCCACGTACCATATACCGTAC,23,603
C,CC,3,8,GTACGCCACGTACCATATACCGTAC,32,2491
C,CC,3,9,GTACGCCACGTACCATATACCGTAC,28,1380
C,CC,3,10,GTACGCCACGTACCATATACCGTAC,34,3469
C,CT,1,1,GTACGCTACGTATATATACGTACGC,42,2783
C,CT,1,2,GTACGCTACGTATATATACGTACGC,34,1874
C,CT,1,3,GTACGCTACGTATATATACGTACGC,26,2344
C,CT,1,4,GTACGCTACGTATATATACGTACGC,25,3798
C,CT,1,5,GTACGCTACGTATATATACGTACGC,27,2543
C,CT,1,6,GTACGCTACGTATATATACGTACGC,26,1849
C,CT,1,7,GTACGCTACGTATATATACGTACGC,27,3509
C,CT,1,8,GTACGCTACGTATATATACGTACGC,32,1831
C,CT,1,9,GTACGCTACGTATATATACGTACGC,31,915
C,CT,1,10,GTACGCTACGTATATATACGTACGC,30,2868
C,CT,1,1,GTACGTACGTACTATATACGTACGC,27,1972
C,CT,1,2,GTACGTACGTACTATATACGTACGC,49,3025
C,CT,1,3,GTACGTACGTACTATATACGTACGC,28,2027
C,CT,1,4,GTACGTACGTACTATATACGTACGC,33,1184
C,CT,1,5,GTACGTACGTACTATATACGTACGC,30,3027
C,CT,1,6,GTACGTACGTACTATATACGTACGC,31,2566
C,CT,1,7,GTACGTACGTACTATATACGTACGC,26,1004
C,CT,1,8,GTACGTACGTACTATATACGTACGC,26,2934
C,CT,1,9,GTACGTACGTACTATATACGTACGC,26,1524
C,CT,1,10,GTACGTACGTACTATATACGTACGC,38,2263
C,CT,1,1,GTACGTACGTATATATACTGTACGC,28,1254
C,CT,1,2,GTACGTACGTATATATACTGTACGC,27,1327
C,CT,1,3,GTACGTACGTATATATACTGTACGC,30,2756
C,CT,1,4,GTACGTACGTATATATACTGTACGC,27,4613
C,CT,1,5,GTACGTACGTATATATACTGTACGC,43,1892
C,CT,1,6,GTACGTACGTATATATACTGTACGC,36,1198
C,CT,1,7,GTACGTACGTATATATACTGTACGC,24,5167
C,CT,1,8,GTACGTACGTATATATACTGTACGC,31,2911
C,CT,1,9,GTACGTACGTATATATACTGTACGC,45,2250
C,CT,1,10,GTACGTACGTATATATACTGTACGC,33,940
C,CT,2,1,GTACGCTACGTACTATATACGTACG,27,5575
C,CT,2,2,GTACGCTACGTACTATATACGTACG,30,3442
C,CT,2,3,GTACGCTACGTACTATATACGTACG,30,3898
C,CT,2,4,GTACGCTACGTACTATATACGTACG,37,5324
C,CT,2,5,GTACGCTACGTACTATATACGTACG,30,1460
C,CT,2,6,GTACGCTACGTACTATATACGTACG,44,5113
C,CT,2,7,GTACGCTACGTACTATATACGTACG,38,2141
C,CT,2,8,GTACGCTACGTACTATATACGTACG,64,5441
C,CT,2,9,GTACGCTACGTACTATATACGTACG,31,3922
C,CT,2,10,GTACGCTACGTACTATATACGTACG,44,2589
C,CT,2,1,GTACGCTACGTATATATACTGTACG,24,6855
C,CT,2,2,GTACGCTACGTATATATACTGTACG,33,3418
C,CT,2,3,GTACGCTACGTATATATACTGTACG,29,2199
C,CT,2,4,GTACGCTACGTATATATACTGTACG,25,5964
C,CT,2,5,GTACGCTACGTATATATACTGTACG,39,1629
C,CT,2,6,GTACGCTACGTATATATACTGTACG,30,4098
C,CT,2,7,GTACGCTACGTATATATACTGTACG,35,4390
C,CT,2,8,GTACGCTACGTATATATACTGTACG,26,1580
C,CT,2,9,GTACGCTACGTATATATACTGTACG,28,3243
C,CT,2,10,GTACGCTACGTATATATACTGTACG,36,1561
C,CT,2,1,GTACGTACGTACTATATACTGTACG,27,2502
C,CT,2,2,GTACGTACGTACTATATACTGTACG,33,2375
C,CT,2,3,GTACGTACGTACTATATACTGTACG,38,3442
C,CT,2,4,GTACGTACGTACTATATACTGTACG,29,2670
C,CT,2,5,GTACGTACGTACTATATACTGTACG,32,2027
C,CT,2,6,GTACGTACGTACTATATACTGTACG,36,4220
C,CT,2,7,GTACGTACGTACTATATACTGTACG,28,2582
C,CT,2,8,GTACGTACGTACTATATACTGTACG,25,3407
C,CT,2,9,GTACGTACGTACTATATACTGTACG,27,5024
C,CT,2,10,GTACGTACGTACTATATACTGTACG,36,3583
C,CT,3,1,GTACGCTACGTACTATATACTGTAC,35,2679
C,CT,3,2,GTACGCTACGTACTATATACTGTAC,39,2495
C,CT,3,3,GTACGCTACGTACTATATACTGTAC,42,5847
C,CT,3,4,GTACGCTACGTACTATATACTGTAC,36,6015
C,CT,3,5,GTACGCTACGTACTATATACTGTAC,35,5752
C,CT,3,6,GTACGCTACGTACTATATACTGTAC,45,5955
C,CT,3,7,GTACGCTACGTACTATATACTGTAC,35,4583
C,CT,3,8,GTACGCTACGTACTATATACTGTAC,32,5343
C,CT,3,9,GTACGCTACGTACTATATACTGTAC,37,6667
C,CT,3,10,GTACGCTACGTACTATATACTGTAC,28,2902
C,No_PyDi,0,1,GTACGTACGTATATATACGTACGTA,33,1337
C,No_PyDi,0,2,GTACGTACGTATATATACGTACGTA,26,3463
C,No_PyDi,0,3,GTACGTACGTATATATACGTACGTA,29,1427
C,No_PyDi,0,4,GTACGTACGTATATATACGTACGTA,35,2471
C,No_PyDi,0,5,GTACGTACGTATATATACGTACGTA,35,682
C,No_PyDi,0,6,GTACGTACGTATATATACGTACGTA,33,1927
C,No_PyDi,0,7,GTACGTACGTATATATACGTACGTA,37,1854
C,No_PyDi,0,8,GTACGTACGTATATATACGTACGTA,50,3455
C,No_PyDi,0,9,GTACGTACGTATATATACGTACGTA,29,665
C,No_PyDi,0,10,GTACGTACGTATATATACGTACGTA,25,878
C,TC,1,1,GTACGTACGTATATATATCGTACGC,37,2516
C,TC,1,2,GTACGTACGTATATATATCGTACGC,31,4685
C,TC,1,3,GTACGTACGTATATATATCGTACGC,40,4881
C,TC,1,4,GTACGTACGTATATATATCGTACGC,28,1331
C,TC,1,5,GTACGTACGTATATATATCGTACGC,35,4216
C,TC,1,6,GTACGTACGTATATATATCGTACGC,27,1123
C,TC,1,7,GTACGTACGTATATATATCGTACGC,35,2602
C,TC,1,8,GTACGTACGTATATATATCGTACGC,27,1451
C,TC,1,9,GTACGTACGTATATATATCGTACGC,24,1552
C,TC,1,10,GTACGTACGTATATATATCGTACGC,29,1525
C,TC,1,1,GTACGTACGTATCATATACGTACGC,28,3510
C,TC,1,2,GTACGTACGTATCATATACGTACGC,35,5941
C,TC,1,3,GTACGTACGTATCATATACGTACGC,26,3676
C,TC,1,4,GTACGTACGTATCATATACGTACGC,25,970
C,TC,1,5,GTACGTACGTATCATATACGTACGC,25,5394
C,TC,1,6,GTACGTACGTATCATATACGTACGC,39,1566
C,TC,1,7,GTACGTACGTATCATATACGTACGC,28,6253
C,TC,1,8,GTACGTACGTATCATATACGTACGC,27,957
C,TC,1,9,GTACGTACGTATCATATACGTACGC,30,4714
C,TC,1,10,GTACGTACGTATCATATACGTACGC,30,4358
C,TC,1,1,GTACGTCACGTATATATACGTACGC,23,1174
C,TC,1,2,GTACGTCACGTATATATACGTACGC,25,1055
C,TC,1,3,GTACGTCACGTATATATACGTACGC,27,2616
C,TC,1,4,GTACGTCACGTATATATACGTACGC,33,2200
C,TC,1,5,GTACGTCACGTATATATACGTACGC,33,2026
C,TC,1,6,GTACGTCACGTATATATACGTACGC,28,1164
C,TC,1,7,GTACGTCACGTATATATACGTACGC,31,3739
C,TC,1,8,GTACGTCACGTATATATACGTACGC,29,1154
C,TC,1,9,GTACGTCACGTATATATACGTACGC,35,1421
C,TC,1,10,GTACGTCACGTATATATACGTACGC,31,4066
C,TC,2,1,GTACGTACGTATCATATATCGTACG,38,4781
C,TC,2,2,GTACGTACGTATCATATATCGTACG,38,5354
C,TC,2,3,GTACGTACGTATCATATATCGTACG,34,3460
C,TC,2,4,GTACGTACGTATCATATATCGTACG,33,4817
C,TC,2,5,GTACGTACGTATCATATATCGTACG,63,9481
C,TC,2,6,GTACGTACGTATCATATATCGTACG,44,4906
C,TC,2,7,GTACGTACGTATCATATATCGTACG,36,2287
C,TC,2,8,GTACGTACGTATCATATATCGTACG,29,6114
C,TC,2,9,GTACGTACGTATCATATATCGTACG,28,2410
C,TC,2,10,GTACGTACGTATCATATATCGTACG,30,5306
C,TC,2,1,GTACGTCACGTATATATATCGTACG,27,1194
C,TC,2,2,GTACGTCACGTATATATATCGTACG,35,4079
C,TC,2,3,GTACGTCACGTATATATATCGTACG,30,4624
C,TC,2,4,GTACGTCACGTATATATATCGTACG,25,5056
C,TC,2,5,GTACGTCACGTATATATATCGTACG,23,1955
C,TC,2,6,GTACGTCACGTATATATATCGTACG,31,6428
C,TC,2,7,GTACGTCACGTATATATATCGTACG,29,5929
C,TC,2,8,GTACGTCACGTATATATATCGTACG,39,5463
C,TC,2,9,GTACGTCACGTATATATATCGTACG,34,1841
C,TC,2,10,GTACGTCACGTATATATATCGTACG,23,3941
C,TC,2,1,GTACGTCACGTATCATATACGTACG,25,3273
C,TC,2,2,GTACGTCACGTATCATATACGTACG,28,2900
C,TC,2,3,GTACGTCACGTATCATATACGTACG,30,2455
C,TC,2,4,GTACGTCACGTATCATATACGTACG,30,2220
C,TC,2,5,GTACGTCACGTATCATATACGTACG,31,1911
C,TC,2,6,GTACGTCACGTATCATATACGTACG,33,4788
C,TC,2,7,GTACGTCACGTATCATATACGTACG,39,1098
C,TC,2,8,GTACGTCACGTATCATATACGTACG,29,4621
C,TC,2,9,GTACGTCACGTATCATATACGTACG,31,4515
C,TC,2,10,GTACGTCACGTATCATATACGTACG,32,5251
C,TC,3,1,GTACGTCACGTATCATATATCGTAC,35,2824
C,TC,3,2,GTACGTCACGTATCATATATCGTAC,48,5563
C,TC,3,3,GTACGTCACGTATCATATATCGTAC,33,2730
C,TC,3,4,GTACGTCACGTATCATATATCGTAC,34,6451
C,TC,3,5,GTACGTCACGTATCATATATCGTAC,33,7207
C,TC,3,6,GTACGTCACGTATCATATATCGTAC,38,1737
C,TC,3,7,GTACGTCACGTATCATATATCGTAC,29,5246
C,TC,3,8,GTACGTCACGTATCATATATCGTAC,37,1842
C,TC,3,9,GTACGTCACGTATCATATATCGTAC,34,5419
C,TC,3,10,GTACGTCACGTATCATATATCGTAC,29,2597
C,TT,1,1,GTACGTACGTATATATATTGTACGC,42,11540
C,TT,1,2,GTACGTACGTATATATATTGTACGC,41,7193
C,TT,1,3,GTACGTACGTATATATATTGTACGC,45,9032
C,TT,1,4,GTACGTACGTATATATATTGTACGC,54,7386
C,TT,1,5,GTACGTACGTATATATATTGTACGC,32,11290
C,TT,1,6,GTACGTACGTATATATATTGTACGC,72,10807
C,TT,1,7,GTACGTACGTATATATATTGTACGC,43,11151
C,TT,1,8,GTACGTACGTATATATATTGTACGC,50,9607
C,TT,1,9,GTACGTACGTATATATATTGTACGC,39,11206
C,TT,1,10,GTACGTACGTATATATATTGTACGC,41,7003
C,TT,1,1,GTACGTACGTATTATATACGTACGC,29,5192
C,TT,1,2,GTACGTACGTATTATATACGTACGC,30,10982
C,TT,1,3,GTACGTACGTATTATATACGTACGC,44,8825
C,TT,1,4,GTACGTACGTATTATATACGTACGC,33,6480
C,TT,1,5,GTACGTACGTATTATATACGTACGC,28,6533
C,TT,1,6,GTACGTACGTATTATATACGTACGC,33,11418
C,TT,1,7,GTACGTACGTATTATATACGTACGC,31,8775
C,TT,1,8,GTACGTACGTATTATATACGTACGC,27,5238
C,TT,1,9,GTACGTACGTATTATATACGTACGC,26,6265
C,TT,1,10,GTACGTACGTATTATATACGTACGC,31,9704
C,TT,1,1,GTACGTTACGTATATATACGTACGC,29,5969
C,TT,1,2,GTACGTTACGTATATATACGTACGC,29,4934
C,TT,1,3,GTACGTTACGTATATATACGTACGC,32,6092
C,TT,1,4,GTACGTTACGTATATATACGTACGC,35,3811
C,TT,1,5,GTACGTTACGTATATATACGTACGC,42,3582
C,TT,1,6,GTACGTTACGTATATATACGTACGC,46,6004
C,TT,1,7,GTACGTTACGTATATATACGTACGC,34,3857
C,TT,1,8,GTACGTTACGTATATATACGTACGC,31,3726
C,TT,1,9,GTACGTTACGTATATATACGTACGC,36,5365
C,TT,1,10,GTACGTTACGTATATATACGTACGC,39,6053
C,TT,2,1,GTACGTACGTATTATATATTGTACG,53,19153
C,TT,2,2,GTACGTACGTATTATATATTGTACG,86,16371
C,TT,2,3,GTACGTACGTATTATATATTGTACG,82,18588
C,TT,2,4,GTACGTACGTATTATATATTGTACG,58,20083
C,TT,2,5,GTACGTACGTATTATATATTGTACG,42,13918
C,TT,2,6,GTACGTACGTATTATATATTGTACG,59,22299
C,TT,2,7,GTACGTACGTATTATATATTGTACG,68,22056
C,TT,2,8,GTACGTACGTATTATATATTGTACG,72,18533
C,TT,2,9,GTACGTACGTATTATATATTGTACG,47,16890
C,TT,2,10,GTACGTACGTATTATATATTGTACG,51,17505
C,TT,2,1,GTACGTTACGTATATATATTGTACG,44,10654
C,TT,2,2,GTACGTTACGTATATATATTGTACG,41,12917
C,TT,2,3,GTACGTTACGTATATATATTGTACG,52,16622
C,TT,2,4,GTACGTTACGTATATATATTGTACG,44,14203
C,TT,2,5,GTACGTTACGTATATATATTGTACG,47,12020
C,TT,2,6,GTACGTTACGTATATATATTGTACG,55,15979
C,TT,2,7,GTACGTTACGTATATATATTGTACG,56,13792
C,TT,2,8,GTACGTTACGTATATATATTGTACG,39,8067
C,TT,2,9,GTACGTTACGTATATATATTGTACG,53,11643
C,TT,2,10,GTACGTTACGTATATATATTGTACG,51,16352
C,TT,2,1,GTACGTTACGTATTATATACGTACG,33,11159
C,TT,2,2,GTACGTTACGTATTATATACGTACG,36,12614
C,TT,2,3,GTACGTTACGTATTATATACGTACG,41,11018
C,TT,2,4,GTACGTTACGTATTATATACGTACG,35,9709
C,TT,2,5,GTACGTTACGTATTATATACGTACG,45,11576
C,TT,2,6,GTACGTTACGTATTATATACGTACG,46,11228
C,TT,2,7,GTACGTTACGTATTATATACGTACG,44,15513
C,TT,2,8,GTACGTTACGTATTATATACGTACG,44,11576
C,TT,2,9,GTACGTTACGTATTATATACGTACG,32,9340
C,TT,2,10,GTACGTTACGTATTATATACGTACG,40,13962
C,TT,3,1,GTACGTTACGTATTATATATTGTAC,65,22723
C,TT,3,2,GTACGTTACGTATTATATATTGTAC,81,22147
C,TT,3,3,GTACGTTACGTATTATATATTGTAC,81,21425
C,TT,3,4,GTACGTTACGTATTATATATTGTAC,87,33968
C,TT,3,5,GTACGTTACGTATTATATATTGTAC,65,18890
C,TT,3,6,GTACGTTACGTATTATATATTGTAC,79,31776
C,TT,3,7,GTACGTTACGTATTATATATTGTAC,77,33793
C,TT,3,8,GTACGTTACGTATTATATATTGTAC,75,20286
C,TT,3,9,GTACGTTACGTATTATATATTGTAC,65,27320
C,TT,3,10,GTACGTTACGTATTATATATTGTAC,74,18447
