Sequence_Set,Group,Count,Sequence_Replicate,Sequence,CPD_NUV
C,CC,0,1,GTACGTACGTATATATACGTACGTA,33
C,CC,0,2,GTACGTACGTATATATACGTACGTA,26
C,CC,0,3,GTACGTACGTATATATACGTACGTA,29
C,CC,0,4,GTACGTACGTATATATACGTACGTA,35
C,CC,0,5,GTACGTACGTATATATACGTACGTA,35
C,CC,0,6,GTACGTACGTATATATACGTACGTA,33
C,CC,0,7,GTACGTACGTATATATACGTACGTA,37
C,CC,0,8,GTACGTACGTATATATACGTACGTA,50
C,CC,0,9,GTACGTACGTATATATACGTACGTA,29
C,CC,0,10,GTACGTACGTATATATACGTACGTA,25
C,CC,1,1,GTACGCCACGTATATATACGTACGC,26
C,CC,1,2,GTACGCCACGTATATATACGTACGC,31
C,CC,1,3,GTACGCCACGTATATATACGTACGC,30
C,CC,1,4,GTACGCCACGTATATATACGTACGC,31
C,CC,1,5,GTACGCCACGTATATATACGTACGC,30
C,CC,1,6,GTACGCCACGTATATATACGTACGC,28
C,CC,1,7,GTACGCCACGTATATATACGTACGC,27
C,CC,1,8,GTACGCCACGTATATATACGTACGC,31
C,CC,1,9,GTACGCCACGTATATATACGTACGC,26
C,CC,1,10,GTACGCCACGTATATATACGTACGC,56
C,CC,1,1,GTACGTACGTACCATATACGTACGC,27
C,CC,1,2,GTACGTACGTACCATATACGTACGC,26
C,CC,1,3,GTACGTACGTACCATATACGTACGC,28
C,CC,1,4,GTACGTACGTACCATATACGTACGC,42
C,CC,1,5,GTACGTACGTACCATATACGTACGC,25
C,CC,1,6,GTACGTACGTACCATATACGTACGC,31
C,CC,1,7,GTACGTACGTACCATATACGTACGC,39
C,CC,1,8,GTACGTACGTACCATATACGTACGC,33
C,CC,1,9,GTACGTACGTACCATATACGTACGC,40
C,CC,1,10,GTACGTACGTACCATATACGTACGC,44
C,CC,1,1,GTACGTACGTATATATACCGTACGC,25
C,CC,1,2,GTACGTACGTATATATACCGTACGC,32
C,CC,1,3,GTACGTACGTATATATACCGTACGC,29
C,CC,1,4,GTACGTACGTATATATACCGTACGC,40
C,CC,1,5,GTACGTACGTATATATACCGTACGC,37
C,CC,1,6,GTACGTACGTATATATACCGTACGC,74
C,CC,1,7,GTACGTACGTATATATACCGTACGC,66
C,CC,1,8,GTACGTACGTATATATACCGTACGC,27
C,CC,1,9,GTACGTACGTATATATACCGTACGC,29
C,CC,1,10,GTACGTACGTATATATACCGTACGC,32
C,CC,2,1,GTACGCCACGTACCATATACGTACG,37
C,CC,2,2,GTACGCCACGTACCATATACGTACG,27
C,CC,2,3,GTACGCCACGTACCATATACGTACG,30
C,CC,2,4,GTACGCCACGTACCATATACGTACG,30
C,CC,2,5,GTACGCCACGTACCATATACGTACG,26
C,CC,2,6,GTACGCCACGTACCATATACGTACG,36
C,CC,2,7,GTACGCCACGTACCATATACGTACG,38
C,CC,2,8,GTACGCCACGTACCATATACGTACG,28
C,CC,2,9,GTACGCCACGTACCATATACGTACG,32
C,CC,2,10,GTACGCCACGTACCATATACGTACG,27
C,CC,2,1,GTACGCCACGTATATATACCGTACG,60
C,CC,2,2,GTACGCCACGTATATATACCGTACG,28
C,CC,2,3,GTACGCCACGTATATATACCGTACG,33
C,CC,2,4,GTACGCCACGTATATATACCGTACG,66
C,CC,2,5,GTACGCCACGTATATATACCGTACG,29
C,CC,2,6,GTACGCCACGTATATATACCGTACG,28
C,CC,2,7,GTACGCCACGTATATATACCGTACG,27
C,CC,2,8,GTACGCCACGTATATATACCGTACG,27
C,CC,2,9,GTACGCCACGTATATATACCGTACG,28
C,CC,2,10,GTACGCCACGTATATATACCGTACG,28
C,CC,2,1,GTACGTACGTACCATATACCGTACG,47
C,CC,2,2,GTACGTACGTACCATATACCGTACG,25
C,CC,2,3,GTACGTACGTACCATATACCGTACG,31
C,CC,2,4,GTACGTACGTACCATATACCGTACG,26
C,CC,2,5,GTACGTACGTACCATATACCGTACG,32
C,CC,2,6,GTACGTACGTACCATATACCGTACG,56
C,CC,2,7,GTACGTACGTACCATATACCGTACG,30
C,CC,2,8,GTACGTACGTACCATATACCGTACG,33
C,CC,2,9,GTACGTACGTACCATATACCGTACG,33
C,CC,2,10,GTACGTACGTACCATATACCGTACG,30
C,CC,3,1,GTACGCCACGTACCATATACCGTAC,27
C,CC,3,2,GTACGCCACGTACCATATACCGTAC,35
C,CC,3,3,GTACGCCACGTACCATATACCGTAC,26
C,CC,3,4,GTACGCCACGTACCATATACCGTAC,38
C,CC,3,5,GTACGCCACGTACCATATACCGTAC,26
C,CC,3,6,GTACGCCACGTACCATATACCGTAC,25
C,CC,3,7,GTACGCCACGTACCATATACCGTAC,23
C,CC,3,8,GTACGCCACGTACCATATACCGTAC,32
C,CC,3,9,GTACGCCACGTACCATATACCGTAC,28
C,CC,3,10,GTACGCCACGTACCATATACCGTAC,34
