index,Name,Sequence,ETS1_NUV_r1,ETS1_NUV_r2,ETS1_UV_r1,ETS1_UV_r2,UVDDB,UVDDB_ETS1,Competition_Effect,Effect_Group
0,ELK1-WT_r1,CACATACACCGGAAGTGCACATACA,26853,26413,3073,1470,24858,28583,-3725,0
1,ELK1-WT_r10,CACATACACCGGAAGTGCACATACA,38436,21835,3379,2308,26734,28692,-1958,0
2,ELK1-WT_r2,CACATACACCGGAAGTGCACATACA,17005,15432,2539,2134,24644,18038,6606,1
3,ELK1-WT_r3,CACATACACCGGAAGTGCACATACA,28020,35610,2927,1954,24003,22722,1281,0
4,ELK1-WT_r4,CACATACACCGGAAGTGCACATACA,32444,20453,4244,3374,30212,26717,3495,0
5,ELK1-WT_r5,CACATACACCGGAAGTGCACATACA,26917,24927,2681,2158,32924,21200,11724,1
6,ELK1-WT_r6,CACATACACCGGAAGTGCACATACA,26148,23663,2367,1588,22283,13674,8609,1
7,ELK1-WT_r7,CACATACACCGGAAGTGCACATACA,21128,17696,4613,3046,30358,20217,10141,1
8,ELK1-WT_r8,CACATACACCGGAAGTGCACATACA,48810,21026,4439,2718,34254,25626,8628,1
9,ELK1-WT_r9,CACATACACCGGAAGTGCACATACA,27696,26972,3090,2514,32105,17473,14632,2
10,ELK1-pos1->C_r1,CACATACCCCGGAAGTGCACATACA,19152,12027,934,1005,40131,32301,7830,1
11,ELK1-pos1->C_r10,CACATACCCCGGAAGTGCACATACA,11805,13337,1119,381,34602,19436,15166,2
12,ELK1-pos1->C_r2,CACATACCCCGGAAGTGCACATACA,10917,7429,1147,1006,37848,30518,7330,1
13,ELK1-pos1->C_r3,CACATACCCCGGAAGTGCACATACA,9232,7264,971,781,31557,21421,10136,1
14,ELK1-pos1->C_r4,CACATACCCCGGAAGTGCACATACA,15173,15209,1094,500,33252,21002,12250,1
15,ELK1-pos1->C_r5,CACATACCCCGGAAGTGCACATACA,17502,14146,674,596,32115,28383,3732,0
16,ELK1-pos1->C_r6,CACATACCCCGGAAGTGCACATACA,7894,6513,1344,997,39333,20462,18871,2
17,ELK1-pos1->C_r7,CACATACCCCGGAAGTGCACATACA,6700,7156,1460,1030,31374,15597,15777,2
18,ELK1-pos1->C_r8,CACATACCCCGGAAGTGCACATACA,11427,9583,967,515,42988,23147,19841,2
19,ELK1-pos1->C_r9,CACATACCCCGGAAGTGCACATACA,12175,9116,905,636,42117,24708,17409,2
20,ELK1-pos1->G_r1,CACATACGCCGGAAGTGCACATACA,19645,12698,3101,2128,36427,24693,11734,1
21,ELK1-pos1->G_r10,CACATACGCCGGAAGTGCACATACA,15845,21259,3945,2600,37156,20801,16355,2
22,ELK1-pos1->G_r2,CACATACGCCGGAAGTGCACATACA,16350,17493,2876,1928,27252,18430,8822,1
23,ELK1-pos1->G_r3,CACATACGCCGGAAGTGCACATACA,26355,9705,2717,1609,39968,25508,14460,2
24,ELK1-pos1->G_r4,CACATACGCCGGAAGTGCACATACA,14066,12506,2705,1965,28592,18596,9996,1
25,ELK1-pos1->G_r5,CACATACGCCGGAAGTGCACATACA,18391,12933,2928,2699,30374,28045,2329,0
26,ELK1-pos1->G_r6,CACATACGCCGGAAGTGCACATACA,26935,16059,3028,1961,25251,21652,3599,0
27,ELK1-pos1->G_r7,CACATACGCCGGAAGTGCACATACA,19836,20150,3045,1526,26092,17306,8786,1
28,ELK1-pos1->G_r8,CACATACGCCGGAAGTGCACATACA,13863,14882,3359,2766,39398,21614,17784,2
29,ELK1-pos1->G_r9,CACATACGCCGGAAGTGCACATACA,21854,14029,3843,1142,26024,24299,1725,0
30,ELK1-pos1->T_r1,CACATACTCCGGAAGTGCACATACA,10163,13072,820,493,47197,20489,26708,2
31,ELK1-pos1->T_r10,CACATACTCCGGAAGTGCACATACA,4978,7823,414,379,43647,27279,16368,2
32,ELK1-pos1->T_r2,CACATACTCCGGAAGTGCACATACA,15025,8248,580,227,39164,31969,7195,1
33,ELK1-pos1->T_r3,CACATACTCCGGAAGTGCACATACA,16921,8544,777,203,35538,29126,6412,1
34,ELK1-pos1->T_r4,CACATACTCCGGAAGTGCACATACA,10878,11535,494,357,41535,28301,13234,2
35,ELK1-pos1->T_r5,CACATACTCCGGAAGTGCACATACA,11700,14205,574,274,29033,30555,-1522,0
36,ELK1-pos1->T_r6,CACATACTCCGGAAGTGCACATACA,15634,14466,490,396,35331,20798,14533,2
37,ELK1-pos1->T_r7,CACATACTCCGGAAGTGCACATACA,16934,10115,874,345,36374,34630,1744,0
38,ELK1-pos1->T_r8,CACATACTCCGGAAGTGCACATACA,18231,13725,812,442,40006,35346,4660,0
39,ELK1-pos1->T_r9,CACATACTCCGGAAGTGCACATACA,13731,11356,514,360,35872,31859,4013,0
40,ELK1-pos10->A_r1,CACATACACCGGAAGTACACATACA,37658,20072,3756,2286,39774,31512,8262,1
41,ELK1-pos10->A_r10,CACATACACCGGAAGTACACATACA,23680,20980,4703,2658,44862,20560,24302,2
42,ELK1-pos10->A_r2,CACATACACCGGAAGTACACATACA,31826,29117,2655,1673,22643,18757,3886,0
43,ELK1-pos10->A_r3,CACATACACCGGAAGTACACATACA,21092,26015,3464,1593,24714,18921,5793,1
44,ELK1-pos10->A_r4,CACATACACCGGAAGTACACATACA,20628,20460,4019,2610,44035,25038,18997,2
45,ELK1-pos10->A_r5,CACATACACCGGAAGTACACATACA,16954,13887,4522,2959,32568,19221,13347,2
46,ELK1-pos10->A_r6,CACATACACCGGAAGTACACATACA,19627,17579,4469,3151,41268,22806,18462,2
47,ELK1-pos10->A_r7,CACATACACCGGAAGTACACATACA,31804,28392,2302,1825,27656,21290,6366,1
48,ELK1-pos10->A_r8,CACATACACCGGAAGTACACATACA,27016,19908,2396,1708,27143,26629,514,0
49,ELK1-pos10->A_r9,CACATACACCGGAAGTACACATACA,26450,25089,2027,1049,28146,17062,11084,1
50,ELK1-pos10->C_r1,CACATACACCGGAAGTCCACATACA,47414,15232,3479,2613,37186,31598,5588,0
51,ELK1-pos10->C_r10,CACATACACCGGAAGTCCACATACA,30522,19871,2996,1520,35416,34468,948,0
52,ELK1-pos10->C_r2,CACATACACCGGAAGTCCACATACA,60837,19220,4234,2331,42971,31417,11554,1
53,ELK1-pos10->C_r3,CACATACACCGGAAGTCCACATACA,23173,16526,2806,1699,31082,25759,5323,0
54,ELK1-pos10->C_r4,CACATACACCGGAAGTCCACATACA,35369,25034,3280,1938,31490,28704,2786,0
55,ELK1-pos10->C_r5,CACATACACCGGAAGTCCACATACA,24593,17646,3264,2479,47891,26792,21099,2
56,ELK1-pos10->C_r6,CACATACACCGGAAGTCCACATACA,38008,25635,4142,2350,39183,26525,12658,2
57,ELK1-pos10->C_r7,CACATACACCGGAAGTCCACATACA,24082,21793,1833,1719,31288,18378,12910,2
58,ELK1-pos10->C_r8,CACATACACCGGAAGTCCACATACA,18197,18568,5685,2162,42350,20314,22036,2
59,ELK1-pos10->C_r9,CACATACACCGGAAGTCCACATACA,17096,14228,3116,2958,34398,24850,9548,1
60,ELK1-pos10->T_r1,CACATACACCGGAAGTTCACATACA,34304,22987,2979,3400,44872,27088,17784,2
61,ELK1-pos10->T_r10,CACATACACCGGAAGTTCACATACA,24467,18641,5568,3352,48874,26160,22714,2
62,ELK1-pos10->T_r2,CACATACACCGGAAGTTCACATACA,24729,15222,3506,3359,38364,28581,9783,1
63,ELK1-pos10->T_r3,CACATACACCGGAAGTTCACATACA,10566,16701,4416,4154,46829,24569,22260,2
64,ELK1-pos10->T_r4,CACATACACCGGAAGTTCACATACA,24665,21311,5629,3089,36298,23528,12770,2
65,ELK1-pos10->T_r5,CACATACACCGGAAGTTCACATACA,28175,18642,3792,4226,43291,35377,7914,1
66,ELK1-pos10->T_r6,CACATACACCGGAAGTTCACATACA,21171,22899,3430,2044,38742,27883,10859,1
67,ELK1-pos10->T_r7,CACATACACCGGAAGTTCACATACA,33251,21283,2275,2369,36311,29674,6637,1
68,ELK1-pos10->T_r8,CACATACACCGGAAGTTCACATACA,14814,16499,4104,3525,41630,33005,8625,1
69,ELK1-pos10->T_r9,CACATACACCGGAAGTTCACATACA,25013,26571,3508,2446,49692,23312,26380,2
70,ELK1-pos2->A_r1,CACATACAACGGAAGTGCACATACA,5579,5811,1342,757,31283,21513,9770,1
71,ELK1-pos2->A_r10,CACATACAACGGAAGTGCACATACA,6491,6257,1327,653,34673,18229,16444,2
72,ELK1-pos2->A_r2,CACATACAACGGAAGTGCACATACA,5648,7326,1252,863,36264,20168,16096,2
73,ELK1-pos2->A_r3,CACATACAACGGAAGTGCACATACA,6844,7734,1489,999,25998,16431,9567,1
74,ELK1-pos2->A_r4,CACATACAACGGAAGTGCACATACA,5460,5154,1042,592,29656,19501,10155,1
75,ELK1-pos2->A_r5,CACATACAACGGAAGTGCACATACA,3789,4161,1227,808,29396,15127,14269,2
76,ELK1-pos2->A_r6,CACATACAACGGAAGTGCACATACA,5313,3913,1417,678,31076,25218,5858,1
77,ELK1-pos2->A_r7,CACATACAACGGAAGTGCACATACA,6526,4045,971,720,23976,26734,-2758,0
78,ELK1-pos2->A_r8,CACATACAACGGAAGTGCACATACA,3888,4766,973,572,38606,16767,21839,2
79,ELK1-pos2->A_r9,CACATACAACGGAAGTGCACATACA,5569,4566,1141,839,42100,20725,21375,2
80,ELK1-pos2->G_r1,CACATACAGCGGAAGTGCACATACA,7494,8051,1100,854,29776,15841,13935,2
81,ELK1-pos2->G_r10,CACATACAGCGGAAGTGCACATACA,5810,7237,2404,1886,44179,19820,24359,2
82,ELK1-pos2->G_r2,CACATACAGCGGAAGTGCACATACA,16639,8106,1802,1410,34903,31703,3200,0
83,ELK1-pos2->G_r3,CACATACAGCGGAAGTGCACATACA,8271,7534,2125,1399,32965,20911,12054,1
84,ELK1-pos2->G_r4,CACATACAGCGGAAGTGCACATACA,11727,10530,1264,815,28366,21761,6605,1
85,ELK1-pos2->G_r5,CACATACAGCGGAAGTGCACATACA,13371,8241,1602,1469,30889,25444,5445,0
86,ELK1-pos2->G_r6,CACATACAGCGGAAGTGCACATACA,8856,4520,1410,1129,27059,19866,7193,1
87,ELK1-pos2->G_r7,CACATACAGCGGAAGTGCACATACA,7292,10504,1821,1012,34253,17859,16394,2
88,ELK1-pos2->G_r8,CACATACAGCGGAAGTGCACATACA,4796,5278,2177,1557,41467,20766,20701,2
89,ELK1-pos2->G_r9,CACATACAGCGGAAGTGCACATACA,8806,9923,1502,1380,33307,16499,16808,2
90,ELK1-pos2->T_r1,CACATACATCGGAAGTGCACATACA,1549,1412,249,48,29026,17531,11495,1
91,ELK1-pos2->T_r10,CACATACATCGGAAGTGCACATACA,2235,2716,388,172,24965,16792,8173,1
92,ELK1-pos2->T_r2,CACATACATCGGAAGTGCACATACA,2016,1640,79,129,27349,20987,6362,1
93,ELK1-pos2->T_r3,CACATACATCGGAAGTGCACATACA,1634,1331,376,139,24927,17154,7773,1
94,ELK1-pos2->T_r4,CACATACATCGGAAGTGCACATACA,1442,1423,138,166,41236,20294,20942,2
95,ELK1-pos2->T_r5,CACATACATCGGAAGTGCACATACA,2151,2127,215,102,33666,18360,15306,2
96,ELK1-pos2->T_r6,CACATACATCGGAAGTGCACATACA,1728,1192,271,78,31166,15632,15534,2
97,ELK1-pos2->T_r7,CACATACATCGGAAGTGCACATACA,1832,1657,368,142,42215,18644,23571,2
98,ELK1-pos2->T_r8,CACATACATCGGAAGTGCACATACA,2284,1394,154,101,26684,19694,6990,1
99,ELK1-pos2->T_r9,CACATACATCGGAAGTGCACATACA,1683,1492,193,219,35051,18949,16102,2
100,ELK1-pos3->A_r1,CACATACACAGGAAGTGCACATACA,5238,7321,1754,990,26404,17796,8608,1
101,ELK1-pos3->A_r10,CACATACACAGGAAGTGCACATACA,6831,2806,1782,1741,25945,12931,13014,2
102,ELK1-pos3->A_r2,CACATACACAGGAAGTGCACATACA,7290,8610,2700,1534,29716,15695,14021,2
103,ELK1-pos3->A_r3,CACATACACAGGAAGTGCACATACA,5004,6838,2758,2331,41244,25646,15598,2
104,ELK1-pos3->A_r4,CACATACACAGGAAGTGCACATACA,12684,6024,2380,1733,33844,27724,6120,1
105,ELK1-pos3->A_r5,CACATACACAGGAAGTGCACATACA,8151,8368,2889,1766,33322,15838,17484,2
106,ELK1-pos3->A_r6,CACATACACAGGAAGTGCACATACA,7279,5674,1975,1683,31411,25162,6249,1
107,ELK1-pos3->A_r7,CACATACACAGGAAGTGCACATACA,8502,10287,1843,1500,31118,16212,14906,2
108,ELK1-pos3->A_r8,CACATACACAGGAAGTGCACATACA,6152,7103,3175,1646,34030,18221,15809,2
109,ELK1-pos3->A_r9,CACATACACAGGAAGTGCACATACA,6769,4959,1719,1187,23396,15686,7710,1
110,ELK1-pos3->G_r1,CACATACACGGGAAGTGCACATACA,1425,1057,480,500,25543,16215,9328,1
111,ELK1-pos3->G_r10,CACATACACGGGAAGTGCACATACA,2000,1466,593,724,29374,25181,4193,0
112,ELK1-pos3->G_r2,CACATACACGGGAAGTGCACATACA,3065,1909,759,571,20584,19970,614,0
113,ELK1-pos3->G_r3,CACATACACGGGAAGTGCACATACA,2145,1790,606,551,28352,19584,8768,1
114,ELK1-pos3->G_r4,CACATACACGGGAAGTGCACATACA,1930,1507,772,648,22813,17885,4928,0
115,ELK1-pos3->G_r5,CACATACACGGGAAGTGCACATACA,1860,1264,592,1028,28891,17739,11152,1
116,ELK1-pos3->G_r6,CACATACACGGGAAGTGCACATACA,1419,1371,732,589,22720,15795,6925,1
117,ELK1-pos3->G_r7,CACATACACGGGAAGTGCACATACA,1894,1493,789,701,28445,15233,13212,2
118,ELK1-pos3->G_r8,CACATACACGGGAAGTGCACATACA,2017,1694,407,442,29758,17279,12479,2
119,ELK1-pos3->G_r9,CACATACACGGGAAGTGCACATACA,2965,1062,668,478,26155,25589,566,0
120,ELK1-pos3->T_r1,CACATACACTGGAAGTGCACATACA,243,211,205,91,26443,18233,8210,1
121,ELK1-pos3->T_r10,CACATACACTGGAAGTGCACATACA,106,62,157,31,19755,13303,6452,1
122,ELK1-pos3->T_r2,CACATACACTGGAAGTGCACATACA,271,273,179,53,65535,18843,46692,2
123,ELK1-pos3->T_r3,CACATACACTGGAAGTGCACATACA,184,122,102,198,30145,17167,12978,2
124,ELK1-pos3->T_r4,CACATACACTGGAAGTGCACATACA,367,78,60,70,38847,18060,20787,2
125,ELK1-pos3->T_r5,CACATACACTGGAAGTGCACATACA,207,103,117,32,32493,17761,14732,2
126,ELK1-pos3->T_r6,CACATACACTGGAAGTGCACATACA,372,147,152,235,27440,21929,5511,0
127,ELK1-pos3->T_r7,CACATACACTGGAAGTGCACATACA,353,139,109,146,29191,29218,-27,0
128,ELK1-pos3->T_r8,CACATACACTGGAAGTGCACATACA,181,65,77,92,33134,25177,7957,1
129,ELK1-pos3->T_r9,CACATACACTGGAAGTGCACATACA,114,63,139,62,31743,15725,16018,2
130,ELK1-pos4->A_r1,CACATACACCAGAAGTGCACATACA,31,27,112,48,29886,15769,14117,2
131,ELK1-pos4->A_r10,CACATACACCAGAAGTGCACATACA,27,27,240,106,27474,19211,8263,1
132,ELK1-pos4->A_r2,CACATACACCAGAAGTGCACATACA,93,75,152,63,21467,12189,9278,1
133,ELK1-pos4->A_r3,CACATACACCAGAAGTGCACATACA,99,250,158,114,28783,14800,13983,2
134,ELK1-pos4->A_r4,CACATACACCAGAAGTGCACATACA,352,397,157,67,31714,16486,15228,2
135,ELK1-pos4->A_r5,CACATACACCAGAAGTGCACATACA,53,25,85,40,33615,18700,14915,2
136,ELK1-pos4->A_r6,CACATACACCAGAAGTGCACATACA,125,38,277,37,20259,13275,6984,1
137,ELK1-pos4->A_r7,CACATACACCAGAAGTGCACATACA,58,31,104,56,30725,15378,15347,2
138,ELK1-pos4->A_r8,CACATACACCAGAAGTGCACATACA,72,27,173,165,28473,17677,10796,1
139,ELK1-pos4->A_r9,CACATACACCAGAAGTGCACATACA,32,27,31,59,29300,25902,3398,0
140,ELK1-pos4->C_r1,CACATACACCCGAAGTGCACATACA,77,27,199,34,31178,13578,17600,2
141,ELK1-pos4->C_r10,CACATACACCCGAAGTGCACATACA,83,33,350,61,23849,15791,8058,1
142,ELK1-pos4->C_r2,CACATACACCCGAAGTGCACATACA,32,28,175,180,24138,15452,8686,1
143,ELK1-pos4->C_r3,CACATACACCCGAAGTGCACATACA,33,39,118,74,33566,23716,9850,1
144,ELK1-pos4->C_r4,CACATACACCCGAAGTGCACATACA,136,44,317,114,22581,15688,6893,1
145,ELK1-pos4->C_r5,CACATACACCCGAAGTGCACATACA,32,23,315,33,25155,15674,9481,1
146,ELK1-pos4->C_r6,CACATACACCCGAAGTGCACATACA,30,27,159,101,35149,18670,16479,2
147,ELK1-pos4->C_r7,CACATACACCCGAAGTGCACATACA,75,25,104,65,22082,16064,6018,1
148,ELK1-pos4->C_r8,CACATACACCCGAAGTGCACATACA,28,27,140,65,22233,13270,8963,1
149,ELK1-pos4->C_r9,CACATACACCCGAAGTGCACATACA,85,25,74,51,21877,15254,6623,1
150,ELK1-pos4->T_r1,CACATACACCTGAAGTGCACATACA,79,26,80,66,29596,21284,8312,1
151,ELK1-pos4->T_r10,CACATACACCTGAAGTGCACATACA,39,70,61,34,36063,28769,7294,1
152,ELK1-pos4->T_r2,CACATACACCTGAAGTGCACATACA,156,28,116,93,23978,21595,2383,0
153,ELK1-pos4->T_r3,CACATACACCTGAAGTGCACATACA,46,26,69,31,23956,17901,6055,1
154,ELK1-pos4->T_r4,CACATACACCTGAAGTGCACATACA,63,28,100,70,40674,19681,20993,2
155,ELK1-pos4->T_r5,CACATACACCTGAAGTGCACATACA,29,28,136,52,37632,19203,18429,2
156,ELK1-pos4->T_r6,CACATACACCTGAAGTGCACATACA,25,32,135,31,27563,17105,10458,1
157,ELK1-pos4->T_r7,CACATACACCTGAAGTGCACATACA,29,24,27,98,27311,19117,8194,1
158,ELK1-pos4->T_r8,CACATACACCTGAAGTGCACATACA,58,43,68,29,30524,18647,11877,1
159,ELK1-pos4->T_r9,CACATACACCTGAAGTGCACATACA,31,39,235,80,28620,23039,5581,0
160,ELK1-pos5->A_r1,CACATACACCGAAAGTGCACATACA,29,44,115,171,25089,14060,11029,1
161,ELK1-pos5->A_r10,CACATACACCGAAAGTGCACATACA,28,25,72,197,16648,12500,4148,0
162,ELK1-pos5->A_r2,CACATACACCGAAAGTGCACATACA,44,27,126,29,22140,16596,5544,0
163,ELK1-pos5->A_r3,CACATACACCGAAAGTGCACATACA,30,28,77,34,21555,21493,62,0
164,ELK1-pos5->A_r4,CACATACACCGAAAGTGCACATACA,268,26,117,118,19344,13797,5547,0
165,ELK1-pos5->A_r5,CACATACACCGAAAGTGCACATACA,29,80,155,29,15528,10353,5175,0
166,ELK1-pos5->A_r6,CACATACACCGAAAGTGCACATACA,152,29,183,271,17572,18475,-903,0
167,ELK1-pos5->A_r7,CACATACACCGAAAGTGCACATACA,54,35,64,33,21310,18209,3101,0
168,ELK1-pos5->A_r8,CACATACACCGAAAGTGCACATACA,40,145,56,63,21642,12583,9059,1
169,ELK1-pos5->A_r9,CACATACACCGAAAGTGCACATACA,40,23,181,71,19571,11969,7602,1
170,ELK1-pos5->C_r1,CACATACACCGCAAGTGCACATACA,266,87,106,53,23487,16732,6755,1
171,ELK1-pos5->C_r10,CACATACACCGCAAGTGCACATACA,26,63,163,44,21905,13052,8853,1
172,ELK1-pos5->C_r2,CACATACACCGCAAGTGCACATACA,41,26,138,175,17985,17062,923,0
173,ELK1-pos5->C_r3,CACATACACCGCAAGTGCACATACA,30,27,834,94,18721,13444,5277,0
174,ELK1-pos5->C_r4,CACATACACCGCAAGTGCACATACA,71,34,36,133,23525,12192,11333,1
175,ELK1-pos5->C_r5,CACATACACCGCAAGTGCACATACA,41,23,110,32,21697,12690,9007,1
176,ELK1-pos5->C_r6,CACATACACCGCAAGTGCACATACA,127,26,187,138,25360,14054,11306,1
177,ELK1-pos5->C_r7,CACATACACCGCAAGTGCACATACA,130,93,99,96,21452,13802,7650,1
178,ELK1-pos5->C_r8,CACATACACCGCAAGTGCACATACA,30,27,279,168,27828,14920,12908,2
179,ELK1-pos5->C_r9,CACATACACCGCAAGTGCACATACA,48,25,59,58,25953,19162,6791,1
180,ELK1-pos5->T_r1,CACATACACCGTAAGTGCACATACA,32,42,154,39,16740,19916,-3176,0
181,ELK1-pos5->T_r10,CACATACACCGTAAGTGCACATACA,34,34,70,77,38829,20000,18829,2
182,ELK1-pos5->T_r2,CACATACACCGTAAGTGCACATACA,47,61,178,50,32377,25683,6694,1
183,ELK1-pos5->T_r3,CACATACACCGTAAGTGCACATACA,53,25,160,81,26142,24174,1968,0
184,ELK1-pos5->T_r4,CACATACACCGTAAGTGCACATACA,30,27,35,147,26505,18968,7537,1
185,ELK1-pos5->T_r5,CACATACACCGTAAGTGCACATACA,73,25,70,85,29434,26618,2816,0
186,ELK1-pos5->T_r6,CACATACACCGTAAGTGCACATACA,96,31,62,78,30595,24549,6046,1
187,ELK1-pos5->T_r7,CACATACACCGTAAGTGCACATACA,75,26,49,55,25784,20164,5620,0
188,ELK1-pos5->T_r8,CACATACACCGTAAGTGCACATACA,59,29,158,32,35877,20851,15026,2
189,ELK1-pos5->T_r9,CACATACACCGTAAGTGCACATACA,63,27,110,56,24607,17298,7309,1
190,ELK1-pos6->C_r1,CACATACACCGGCAGTGCACATACA,226,61,158,100,18581,13795,4786,0
191,ELK1-pos6->C_r10,CACATACACCGGCAGTGCACATACA,80,53,248,222,15865,13067,2798,0
192,ELK1-pos6->C_r2,CACATACACCGGCAGTGCACATACA,92,70,161,32,13698,11457,2241,0
193,ELK1-pos6->C_r3,CACATACACCGGCAGTGCACATACA,52,26,102,83,13812,9515,4297,0
194,ELK1-pos6->C_r4,CACATACACCGGCAGTGCACATACA,406,183,177,154,20483,14136,6347,1
195,ELK1-pos6->C_r5,CACATACACCGGCAGTGCACATACA,209,438,260,72,15615,8168,7447,1
196,ELK1-pos6->C_r6,CACATACACCGGCAGTGCACATACA,131,90,122,114,19224,17567,1657,0
197,ELK1-pos6->C_r7,CACATACACCGGCAGTGCACATACA,166,185,157,129,18645,13136,5509,0
198,ELK1-pos6->C_r8,CACATACACCGGCAGTGCACATACA,158,63,115,254,16267,9974,6293,1
199,ELK1-pos6->C_r9,CACATACACCGGCAGTGCACATACA,84,99,276,71,21379,11230,10149,1
200,ELK1-pos6->G_r1,CACATACACCGGGAGTGCACATACA,43,63,182,29,29356,20445,8911,1
201,ELK1-pos6->G_r10,CACATACACCGGGAGTGCACATACA,139,72,48,220,24363,16480,7883,1
202,ELK1-pos6->G_r2,CACATACACCGGGAGTGCACATACA,94,69,65,73,33257,18711,14546,2
203,ELK1-pos6->G_r3,CACATACACCGGGAGTGCACATACA,83,90,140,79,35982,18412,17570,2
204,ELK1-pos6->G_r4,CACATACACCGGGAGTGCACATACA,95,98,76,51,25537,17155,8382,1
205,ELK1-pos6->G_r5,CACATACACCGGGAGTGCACATACA,347,328,412,29,39787,19118,20669,2
206,ELK1-pos6->G_r6,CACATACACCGGGAGTGCACATACA,127,190,244,241,37567,19761,17806,2
207,ELK1-pos6->G_r7,CACATACACCGGGAGTGCACATACA,137,94,83,39,31151,29034,2117,0
208,ELK1-pos6->G_r8,CACATACACCGGGAGTGCACATACA,119,96,173,202,39962,20520,19442,2
209,ELK1-pos6->G_r9,CACATACACCGGGAGTGCACATACA,52,113,268,49,22067,20087,1980,0
210,ELK1-pos6->T_r1,CACATACACCGGTAGTGCACATACA,824,430,476,511,23382,18799,4583,0
211,ELK1-pos6->T_r10,CACATACACCGGTAGTGCACATACA,486,394,692,259,20368,11575,8793,1
212,ELK1-pos6->T_r2,CACATACACCGGTAGTGCACATACA,520,514,561,380,17171,11707,5464,0
213,ELK1-pos6->T_r3,CACATACACCGGTAGTGCACATACA,696,454,587,697,19986,12490,7496,1
214,ELK1-pos6->T_r4,CACATACACCGGTAGTGCACATACA,752,497,381,340,19812,17453,2359,0
215,ELK1-pos6->T_r5,CACATACACCGGTAGTGCACATACA,717,392,695,489,15774,16160,-386,0
216,ELK1-pos6->T_r6,CACATACACCGGTAGTGCACATACA,1213,479,546,527,16790,16872,-82,0
217,ELK1-pos6->T_r7,CACATACACCGGTAGTGCACATACA,1164,480,715,414,22662,12977,9685,1
218,ELK1-pos6->T_r8,CACATACACCGGTAGTGCACATACA,537,378,602,380,17337,10598,6739,1
219,ELK1-pos6->T_r9,CACATACACCGGTAGTGCACATACA,550,514,471,352,19288,13353,5935,1
220,ELK1-pos7->C_r1,CACATACACCGGACGTGCACATACA,3843,4723,6251,4208,21740,14267,7473,1
221,ELK1-pos7->C_r10,CACATACACCGGACGTGCACATACA,3752,2622,4286,3954,23185,16099,7086,1
222,ELK1-pos7->C_r2,CACATACACCGGACGTGCACATACA,4806,5221,6502,3831,21872,14139,7733,1
223,ELK1-pos7->C_r3,CACATACACCGGACGTGCACATACA,3819,2869,6029,3606,22433,22150,283,0
224,ELK1-pos7->C_r4,CACATACACCGGACGTGCACATACA,6575,4050,6050,3266,18785,15593,3192,0
225,ELK1-pos7->C_r5,CACATACACCGGACGTGCACATACA,7071,4191,4318,4780,23904,24316,-412,0
226,ELK1-pos7->C_r6,CACATACACCGGACGTGCACATACA,3489,3496,7691,5613,32456,17295,15161,2
227,ELK1-pos7->C_r7,CACATACACCGGACGTGCACATACA,3697,2301,4862,4838,30068,18083,11985,1
228,ELK1-pos7->C_r8,CACATACACCGGACGTGCACATACA,3847,4511,6641,4653,29294,13739,15555,2
229,ELK1-pos7->C_r9,CACATACACCGGACGTGCACATACA,3535,3213,6496,3007,25570,19072,6498,1
230,ELK1-pos7->G_r1,CACATACACCGGAGGTGCACATACA,669,311,194,63,20563,14479,6084,1
231,ELK1-pos7->G_r10,CACATACACCGGAGGTGCACATACA,784,348,230,153,21612,19417,2195,0
232,ELK1-pos7->G_r2,CACATACACCGGAGGTGCACATACA,725,560,183,236,22727,20653,2074,0
233,ELK1-pos7->G_r3,CACATACACCGGAGGTGCACATACA,516,581,194,263,28200,15568,12632,2
234,ELK1-pos7->G_r4,CACATACACCGGAGGTGCACATACA,633,422,119,69,25531,14036,11495,1
235,ELK1-pos7->G_r5,CACATACACCGGAGGTGCACATACA,807,548,190,65,25197,15789,9408,1
236,ELK1-pos7->G_r6,CACATACACCGGAGGTGCACATACA,490,442,211,85,27437,14039,13398,2
237,ELK1-pos7->G_r7,CACATACACCGGAGGTGCACATACA,500,377,248,329,24507,14837,9670,1
238,ELK1-pos7->G_r8,CACATACACCGGAGGTGCACATACA,975,387,293,399,22316,23367,-1051,0
239,ELK1-pos7->G_r9,CACATACACCGGAGGTGCACATACA,607,702,144,94,21874,13119,8755,1
240,ELK1-pos7->T_r1,CACATACACCGGATGTGCACATACA,13862,11801,10202,9156,24410,16523,7887,1
241,ELK1-pos7->T_r10,CACATACACCGGATGTGCACATACA,15752,11485,5869,5965,23347,20187,3160,0
242,ELK1-pos7->T_r2,CACATACACCGGATGTGCACATACA,17229,14088,10223,11184,28099,17754,10345,1
243,ELK1-pos7->T_r3,CACATACACCGGATGTGCACATACA,23204,19625,10822,7394,23258,19611,3647,0
244,ELK1-pos7->T_r4,CACATACACCGGATGTGCACATACA,23560,15361,12954,9541,35683,28843,6840,1
245,ELK1-pos7->T_r5,CACATACACCGGATGTGCACATACA,15677,13420,12222,10292,34981,19654,15327,2
246,ELK1-pos7->T_r6,CACATACACCGGATGTGCACATACA,12506,13940,15519,10204,36509,17861,18648,2
247,ELK1-pos7->T_r7,CACATACACCGGATGTGCACATACA,19969,21270,10770,6497,28581,15816,12765,2
248,ELK1-pos7->T_r8,CACATACACCGGATGTGCACATACA,23341,14246,11034,11827,24665,18170,6495,1
249,ELK1-pos7->T_r9,CACATACACCGGATGTGCACATACA,12977,9111,17570,10445,34823,16513,18310,2
250,ELK1-pos8->A_r1,CACATACACCGGAAATGCACATACA,28390,24721,2323,1814,26732,14543,12189,1
251,ELK1-pos8->A_r10,CACATACACCGGAAATGCACATACA,21230,24064,1670,1404,18797,11931,6866,1
252,ELK1-pos8->A_r2,CACATACACCGGAAATGCACATACA,17838,15219,3708,2706,33224,16990,16234,2
253,ELK1-pos8->A_r3,CACATACACCGGAAATGCACATACA,12671,12814,2078,1366,17711,13086,4625,0
254,ELK1-pos8->A_r4,CACATACACCGGAAATGCACATACA,24970,18285,3711,2379,23179,14855,8324,1
255,ELK1-pos8->A_r5,CACATACACCGGAAATGCACATACA,21665,15808,2631,1612,20477,18320,2157,0
256,ELK1-pos8->A_r6,CACATACACCGGAAATGCACATACA,19522,22385,3139,1425,22536,13615,8921,1
257,ELK1-pos8->A_r7,CACATACACCGGAAATGCACATACA,27943,13704,3507,2410,23725,13761,9964,1
258,ELK1-pos8->A_r8,CACATACACCGGAAATGCACATACA,20486,16608,1732,1665,18630,12671,5959,1
259,ELK1-pos8->A_r9,CACATACACCGGAAATGCACATACA,20506,16204,3250,2308,32323,19026,13297,2
260,ELK1-pos8->C_r1,CACATACACCGGAACTGCACATACA,5271,3038,1855,1247,33957,29960,3997,0
261,ELK1-pos8->C_r10,CACATACACCGGAACTGCACATACA,5932,2727,1764,1127,34295,28296,5999,1
262,ELK1-pos8->C_r2,CACATACACCGGAACTGCACATACA,3764,3711,1368,912,35054,21045,14009,2
263,ELK1-pos8->C_r3,CACATACACCGGAACTGCACATACA,4764,2456,1324,965,30107,22018,8089,1
264,ELK1-pos8->C_r4,CACATACACCGGAACTGCACATACA,3338,2350,1642,1921,32141,19853,12288,1
265,ELK1-pos8->C_r5,CACATACACCGGAACTGCACATACA,4184,4499,1659,1148,36289,19168,17121,2
266,ELK1-pos8->C_r6,CACATACACCGGAACTGCACATACA,4270,4390,1637,805,29915,19838,10077,1
267,ELK1-pos8->C_r7,CACATACACCGGAACTGCACATACA,4196,4722,1486,1279,26499,18206,8293,1
268,ELK1-pos8->C_r8,CACATACACCGGAACTGCACATACA,4414,3540,1985,1362,30672,18194,12478,2
269,ELK1-pos8->C_r9,CACATACACCGGAACTGCACATACA,3613,3606,1038,541,27829,15488,12341,1
270,ELK1-pos8->T_r1,CACATACACCGGAATTGCACATACA,1410,1463,250,161,27473,20068,7405,1
271,ELK1-pos8->T_r10,CACATACACCGGAATTGCACATACA,1390,993,409,349,37047,22730,14317,2
272,ELK1-pos8->T_r2,CACATACACCGGAATTGCACATACA,1325,1275,328,233,19622,13446,6176,1
273,ELK1-pos8->T_r3,CACATACACCGGAATTGCACATACA,1371,837,324,100,22937,13967,8970,1
274,ELK1-pos8->T_r4,CACATACACCGGAATTGCACATACA,1051,1276,525,226,37860,19200,18660,2
275,ELK1-pos8->T_r5,CACATACACCGGAATTGCACATACA,1481,1503,220,351,26414,18664,7750,1
276,ELK1-pos8->T_r6,CACATACACCGGAATTGCACATACA,1533,711,444,308,23801,16690,7111,1
277,ELK1-pos8->T_r7,CACATACACCGGAATTGCACATACA,2062,1219,627,221,30158,28894,1264,0
278,ELK1-pos8->T_r8,CACATACACCGGAATTGCACATACA,1285,881,455,434,30320,24553,5767,1
279,ELK1-pos8->T_r9,CACATACACCGGAATTGCACATACA,1846,1158,535,242,29574,24170,5404,0
280,ELK1-pos9->A_r1,CACATACACCGGAAGAGCACATACA,4441,4461,817,442,28019,16938,11081,1
281,ELK1-pos9->A_r10,CACATACACCGGAAGAGCACATACA,5543,6643,419,289,16679,10153,6526,1
282,ELK1-pos9->A_r2,CACATACACCGGAAGAGCACATACA,6341,5177,573,367,20186,15715,4471,0
283,ELK1-pos9->A_r3,CACATACACCGGAAGAGCACATACA,8688,6127,442,253,23262,18511,4751,0
284,ELK1-pos9->A_r4,CACATACACCGGAAGAGCACATACA,8704,4821,542,159,22806,17344,5462,0
285,ELK1-pos9->A_r5,CACATACACCGGAAGAGCACATACA,6990,3716,632,216,18468,11045,7423,1
286,ELK1-pos9->A_r6,CACATACACCGGAAGAGCACATACA,11158,6862,644,279,24587,17166,7421,1
287,ELK1-pos9->A_r7,CACATACACCGGAAGAGCACATACA,6751,4958,351,345,20252,19062,1190,0
288,ELK1-pos9->A_r8,CACATACACCGGAAGAGCACATACA,7775,4394,685,398,28219,13461,14758,2
289,ELK1-pos9->A_r9,CACATACACCGGAAGAGCACATACA,8377,9131,569,416,16109,10901,5208,0
290,ELK1-pos9->C_r1,CACATACACCGGAAGCGCACATACA,17456,18338,2557,1245,33908,19167,14741,2
291,ELK1-pos9->C_r10,CACATACACCGGAAGCGCACATACA,14822,16304,2192,916,25595,24917,678,0
292,ELK1-pos9->C_r2,CACATACACCGGAAGCGCACATACA,8397,9570,3064,2385,33944,17568,16376,2
293,ELK1-pos9->C_r3,CACATACACCGGAAGCGCACATACA,24967,16472,2564,1351,34466,24007,10459,1
294,ELK1-pos9->C_r4,CACATACACCGGAAGCGCACATACA,9813,6952,1962,1068,26634,13963,12671,2
295,ELK1-pos9->C_r5,CACATACACCGGAAGCGCACATACA,13033,8853,2759,1866,36306,21099,15207,2
296,ELK1-pos9->C_r6,CACATACACCGGAAGCGCACATACA,19438,11955,2927,2285,41398,22188,19210,2
297,ELK1-pos9->C_r7,CACATACACCGGAAGCGCACATACA,12405,14385,2076,1066,23714,17725,5989,1
298,ELK1-pos9->C_r8,CACATACACCGGAAGCGCACATACA,13143,9362,1935,1501,30162,16790,13372,2
299,ELK1-pos9->C_r9,CACATACACCGGAAGCGCACATACA,14429,13469,1934,1489,30516,26083,4433,0
300,ELK1-pos9->G_r1,CACATACACCGGAAGGGCACATACA,7939,7043,599,367,24000,18877,5123,0
301,ELK1-pos9->G_r10,CACATACACCGGAAGGGCACATACA,6272,7924,741,287,29759,14337,15422,2
302,ELK1-pos9->G_r2,CACATACACCGGAAGGGCACATACA,4544,4959,712,583,29757,16425,13332,2
303,ELK1-pos9->G_r3,CACATACACCGGAAGGGCACATACA,7520,6073,789,452,22875,21951,924,0
304,ELK1-pos9->G_r4,CACATACACCGGAAGGGCACATACA,8459,6597,575,656,20686,20436,250,0
305,ELK1-pos9->G_r5,CACATACACCGGAAGGGCACATACA,7145,7784,540,585,26431,14752,11679,1
306,ELK1-pos9->G_r6,CACATACACCGGAAGGGCACATACA,7255,7387,805,587,21046,12546,8500,1
307,ELK1-pos9->G_r7,CACATACACCGGAAGGGCACATACA,6786,4926,810,474,25445,21454,3991,0
308,ELK1-pos9->G_r8,CACATACACCGGAAGGGCACATACA,4770,4160,736,475,22446,16421,6025,1
309,ELK1-pos9->G_r9,CACATACACCGGAAGGGCACATACA,6016,4289,568,836,26064,20751,5313,0
